dataset,metric,experiment,block,role,n_seeds,mean,sd,floor_pct
ETTh1,forecast/mae,noisefloor_etth,baseline/test,floor,3,0.604334,0.030575,5.059
ETTh1,forecast/mae,noisefloor_etth,merged/test,comparison,3,0.591992,0.064941,10.97
ETTh1,forecast/mse,noisefloor_etth,baseline/test,floor,3,0.707287,0.061954,8.759
ETTh1,forecast/mse,noisefloor_etth,merged/test,comparison,3,0.625624,0.109403,17.487
ETTh1,forecast/rmse,noisefloor_etth,baseline/test,floor,3,0.840452,0.037311,4.439
ETTh1,forecast/rmse,noisefloor_etth,merged/test,comparison,3,0.788962,0.068877,8.73
ETTh2,forecast/mae,etth2_gate_base,baseline/test,floor,3,0.674075,0.028457,4.222
ETTh2,forecast/mse,etth2_gate_base,baseline/test,floor,3,0.841485,0.056725,6.741
ETTh2,forecast/rmse,etth2_gate_base,baseline/test,floor,3,0.916976,0.030968,3.377
ETTm2,forecast/mae,ettm2_gate_base,baseline/test,floor,3,0.53817,0.052317,9.721
ETTm2,forecast/mse,ettm2_gate_base,baseline/test,floor,3,0.560838,0.079117,14.107
ETTm2,forecast/rmse,ettm2_gate_base,baseline/test,floor,3,0.747669,0.05237,7.004
PSM,event_f1,noisefloor_psm,baseline/test,floor,3,0.228767,0.011234,4.911
PSM,event_f1,noisefloor_psm,merged/test,comparison,3,0.231859,0.038016,16.396
PSM,event_fn,noisefloor_psm,baseline/test,floor,3,17.333333,1.154701,6.662
PSM,event_fn,noisefloor_psm,merged/test,comparison,3,13.666667,1.154701,8.449
PSM,event_fp,noisefloor_psm,baseline/test,floor,3,345.0,16.643317,4.824
PSM,event_fp,noisefloor_psm,merged/test,comparison,3,374.333333,75.797977,20.249
PSM,event_precision,noisefloor_psm,baseline/test,floor,3,0.1348,0.007356,5.457
PSM,event_precision,noisefloor_psm,merged/test,comparison,3,0.135807,0.026041,19.175
PSM,event_recall,noisefloor_psm,baseline/test,floor,3,0.755869,0.016263,2.152
PSM,event_recall,noisefloor_psm,merged/test,comparison,3,0.807512,0.016263,2.014
PSM,event_tp,noisefloor_psm,baseline/test,floor,3,53.666667,1.154701,2.152
PSM,event_tp,noisefloor_psm,merged/test,comparison,3,57.333333,1.154701,2.014
PSM,pa_f1,noisefloor_psm,baseline/test,floor,3,0.789836,0.020747,2.627
PSM,pa_f1,noisefloor_psm,merged/test,comparison,3,0.769512,0.002281,0.296
PSM,pa_precision,noisefloor_psm,baseline/test,floor,3,0.85999,0.167136,19.435
PSM,pa_precision,noisefloor_psm,merged/test,comparison,3,0.659744,0.007473,1.133
PSM,pa_recall,noisefloor_psm,baseline/test,floor,3,0.760112,0.122053,16.057
PSM,pa_recall,noisefloor_psm,merged/test,comparison,3,0.923483,0.019916,2.157
PSM,point_auprc,noisefloor_psm,baseline/test,floor,3,0.555469,0.01369,2.465
PSM,point_auprc,noisefloor_psm,merged/test,comparison,3,0.566158,0.004935,0.872
PSM,point_auroc,noisefloor_psm,baseline/test,floor,3,0.770681,0.00068,0.088
PSM,point_auroc,noisefloor_psm,merged/test,comparison,3,0.803191,0.001118,0.139
PSM,point_f1,noisefloor_psm,baseline/test,floor,3,0.582689,0.000878,0.151
PSM,point_f1,noisefloor_psm,merged/test,comparison,3,0.63889,0.008811,1.379
PSM,point_precision,noisefloor_psm,baseline/test,floor,3,0.47472,0.006107,1.287
PSM,point_precision,noisefloor_psm,merged/test,comparison,3,0.495987,0.011958,2.411
PSM,point_recall,noisefloor_psm,baseline/test,floor,3,0.754533,0.014082,1.866
PSM,point_recall,noisefloor_psm,merged/test,comparison,3,0.897804,0.005323,0.593
PSM,window_auprc,noisefloor_psm,baseline/test,floor,3,0.632534,0.010466,1.655
PSM,window_auprc,noisefloor_psm,merged/test,comparison,3,0.646332,0.00142,0.22
PSM,window_auroc,noisefloor_psm,baseline/test,floor,3,0.774187,0.000526,0.068
PSM,window_auroc,noisefloor_psm,merged/test,comparison,3,0.80046,0.002054,0.257
PSM,window_f1,noisefloor_psm,baseline/test,floor,3,0.63635,0.002878,0.452
PSM,window_f1,noisefloor_psm,merged/test,comparison,3,0.689722,0.009379,1.36
PSM,window_precision,noisefloor_psm,baseline/test,floor,3,0.53851,0.034787,6.46
PSM,window_precision,noisefloor_psm,merged/test,comparison,3,0.572618,0.016399,2.864
PSM,window_recall,noisefloor_psm,baseline/test,floor,3,0.785546,0.073912,9.409
PSM,window_recall,noisefloor_psm,merged/test,comparison,3,0.86755,0.008418,0.97
PSM-forecast,forecast/mae,adfc2_psm_merge_n3,baseline/test,floor,3,0.411055,0.003382,0.823
PSM-forecast,forecast/mae,adfc2_psm_merge_n3,merged/test,comparison,3,0.370982,0.006787,1.829
PSM-forecast,forecast/mse,adfc2_psm_merge_n3,baseline/test,floor,3,0.518848,0.006005,1.157
PSM-forecast,forecast/mse,adfc2_psm_merge_n3,merged/test,comparison,3,0.392485,0.010808,2.754
PSM-forecast,forecast/rmse,adfc2_psm_merge_n3,baseline/test,floor,3,0.720303,0.004174,0.579
PSM-forecast,forecast/rmse,adfc2_psm_merge_n3,merged/test,comparison,3,0.626447,0.008639,1.379
SWaT,event_f1,noisefloor_swat,baseline/test,floor,3,0.273333,0.092616,33.884
SWaT,event_f1,noisefloor_swat,merged/test,comparison,3,0.366455,0.004882,1.332
SWaT,event_fn,noisefloor_swat,baseline/test,floor,3,27.0,0.0,0.0
SWaT,event_fn,noisefloor_swat,merged/test,comparison,3,27.0,0.0,0.0
SWaT,event_fp,noisefloor_swat,baseline/test,floor,3,21.666667,27.153882,125.326
SWaT,event_fp,noisefloor_swat,merged/test,comparison,3,0.666667,0.57735,86.603
SWaT,event_precision,noisefloor_swat,baseline/test,floor,3,0.426622,0.259156,60.746
SWaT,event_precision,noisefloor_swat,merged/test,comparison,3,0.925926,0.06415,6.928
SWaT,event_recall,noisefloor_swat,baseline/test,floor,3,0.228571,0.0,0.0
SWaT,event_recall,noisefloor_swat,merged/test,comparison,3,0.228571,0.0,0.0
SWaT,event_tp,noisefloor_swat,baseline/test,floor,3,8.0,0.0,0.0
SWaT,event_tp,noisefloor_swat,merged/test,comparison,3,8.0,0.0,0.0
SWaT,pa_f1,noisefloor_swat,baseline/test,floor,3,0.834822,0.007556,0.905
SWaT,pa_f1,noisefloor_swat,merged/test,comparison,3,0.840311,0.004876,0.58
SWaT,pa_precision,noisefloor_swat,baseline/test,floor,3,0.934112,0.042789,4.581
SWaT,pa_precision,noisefloor_swat,merged/test,comparison,3,0.937827,0.009221,0.983
SWaT,pa_recall,noisefloor_swat,baseline/test,floor,3,0.75565,0.016511,2.185
SWaT,pa_recall,noisefloor_swat,merged/test,comparison,3,0.761294,0.01175,1.543
SWaT,point_auprc,noisefloor_swat,baseline/test,floor,3,0.704016,0.004664,0.662
SWaT,point_auprc,noisefloor_swat,merged/test,comparison,3,0.705364,0.003064,0.434
SWaT,point_auroc,noisefloor_swat,baseline/test,floor,3,0.814645,0.000696,0.085
SWaT,point_auroc,noisefloor_swat,merged/test,comparison,3,0.818585,0.001472,0.18
SWaT,point_f1,noisefloor_swat,baseline/test,floor,3,0.76655,0.000986,0.129
SWaT,point_f1,noisefloor_swat,merged/test,comparison,3,0.767302,6e-06,0.001
SWaT,point_precision,noisefloor_swat,baseline/test,floor,3,0.978393,0.003203,0.327
SWaT,point_precision,noisefloor_swat,merged/test,comparison,3,0.980444,0.000162,0.017
SWaT,point_recall,noisefloor_swat,baseline/test,floor,3,0.630118,4.6e-05,0.007
SWaT,point_recall,noisefloor_swat,merged/test,comparison,3,0.630283,5.9e-05,0.009
SWaT,window_auprc,noisefloor_swat,baseline/test,floor,3,0.701732,0.000862,0.123
SWaT,window_auprc,noisefloor_swat,merged/test,comparison,3,0.702789,0.001446,0.206
SWaT,window_auroc,noisefloor_swat,baseline/test,floor,3,0.799224,0.000696,0.087
SWaT,window_auroc,noisefloor_swat,merged/test,comparison,3,0.803736,0.001344,0.167
SWaT,window_f1,noisefloor_swat,baseline/test,floor,3,0.749955,0.000957,0.128
SWaT,window_f1,noisefloor_swat,merged/test,comparison,3,0.750913,3.8e-05,0.005
SWaT,window_precision,noisefloor_swat,baseline/test,floor,3,0.993083,0.003351,0.337
SWaT,window_precision,noisefloor_swat,merged/test,comparison,3,0.995313,0.000331,0.033
SWaT,window_recall,noisefloor_swat,baseline/test,floor,3,0.602462,9.6e-05,0.016
SWaT,window_recall,noisefloor_swat,merged/test,comparison,3,0.602876,0.000138,0.023
SWaT-forecast,forecast/mae,adfc2_swat_merge_n3,baseline/test,floor,3,0.992834,0.57651,58.067
SWaT-forecast,forecast/mae,adfc2_swat_merge_n3,merged/test,comparison,3,0.811347,0.410207,50.559
SWaT-forecast,forecast/mse,adfc2_swat_merge_n3,baseline/test,floor,3,6.249477,5.264068,84.232
SWaT-forecast,forecast/mse,adfc2_swat_merge_n3,merged/test,comparison,3,4.760369,3.226638,67.781
SWaT-forecast,forecast/rmse,adfc2_swat_merge_n3,baseline/test,floor,3,2.364836,0.992743,41.979
SWaT-forecast,forecast/rmse,adfc2_swat_merge_n3,merged/test,comparison,3,2.105817,0.69918,33.202
exchange_rate,forecast/mae,n1_exchange,baseline/test,floor,3,0.678779,0.020081,2.958
exchange_rate,forecast/mae,n1_exchange,merged/test,comparison,3,0.521856,0.0196,3.756
exchange_rate,forecast/mse,n1_exchange,baseline/test,floor,3,0.699907,0.040136,5.734
exchange_rate,forecast/mse,n1_exchange,merged/test,comparison,3,0.404542,0.031195,7.711
exchange_rate,forecast/rmse,n1_exchange,baseline/test,floor,3,0.836371,0.024187,2.892
exchange_rate,forecast/rmse,n1_exchange,merged/test,comparison,3,0.635713,0.024805,3.902
