experiment_name,run_id,dataset,task,n_segments,merge_scale,baseline_fraction,n_parameters,mean_offdiag_cosine,min_offdiag_cosine,max_offdiag_cosine,cosine_at_distance_1,effective_rank,mean_tau_norm,mean_tau_over_base,min_tau_over_base,max_tau_over_base,mean_sequential_overlap,last_sequential_overlap,mean_principal_angle_rad,run_dir
etth2_merge_n2,80547,Etth2ForecastDataset,forecast,2,0.65,0.5,714780,0.06125742989037505,0.06125742989037505,0.06125742989037505,0.06125742989037505,1.0174164765722955,1.867550778411129,0.019808089853859356,0.0018794960340216787,0.037736683673697036,0.003752472716773325,0.003752472716773325,1.159513580865234,/work/tesi_ddellacasaventurelli01/incremental-ad/runs/etth2_merge_n2/80547
etth2_merge_n2,80548,Etth2ForecastDataset,forecast,2,0.5,0.5,714780,0.1822733799774486,0.1822733799774486,0.1822733799774486,0.1822733799774486,1.6950607578601604,3.004258945740273,0.031322109191541644,0.022195615761930146,0.04044860262115314,0.0332235850483797,0.0332235850483797,1.0246689396274338,/work/tesi_ddellacasaventurelli01/incremental-ad/runs/etth2_merge_n2/80548
etth2_merge_n2,80549,Etth2ForecastDataset,forecast,2,0.3,0.5,714780,0.15033878977231904,0.15033878977231904,0.15033878977231904,0.15033878977231904,1.4773543900501718,3.931202941553302,0.04117736213711886,0.023368813980745907,0.05898591029349181,0.0226017517102015,0.0226017517102015,1.0568133796160697,/work/tesi_ddellacasaventurelli01/incremental-ad/runs/etth2_merge_n2/80549
etth2_merge_n3,80550,Etth2ForecastDataset,forecast,3,0.25,0.5,714780,0.20881098297406653,0.1774508764019907,0.23467186303085438,0.22449103626010442,2.8759090964774994,2.7313304030288883,0.02877591770053949,0.028349389726616405,0.02900408671976379,0.059055666263730974,0.06304044922911659,0.9583660717494062,/work/tesi_ddellacasaventurelli01/incremental-ad/runs/etth2_merge_n3/80550
etth2_merge_n3,80551,Etth2ForecastDataset,forecast,3,0.3,0.5,714780,0.22567423956860697,0.1663010121462346,0.3240203042007027,0.25536085327979313,2.30731488362358,3.569864741749765,0.037384163850083106,0.025087823870741884,0.05568262286838326,0.07572289634158909,0.11658837904040445,0.9789423060809282,/work/tesi_ddellacasaventurelli01/incremental-ad/runs/etth2_merge_n3/80551
etth2_merge_n3,80552,Etth2ForecastDataset,forecast,3,0.25,0.5,714780,0.2465658390944128,0.24303149703329194,0.2504716311283985,0.2467515640808452,2.6390056801472936,2.8213251509827812,0.029455984426920528,0.021017859150876377,0.03449604226315849,0.07922169509622684,0.0957073521923579,0.9873085347894235,/work/tesi_ddellacasaventurelli01/incremental-ad/runs/etth2_merge_n3/80552
etth2_merge_n5,80553,Etth2ForecastDataset,forecast,5,0.15,0.5,714780,0.2557007198417822,0.12432050941169256,0.45195484286431153,0.3261171378336153,3.889208083490301,1.9642358409804217,0.02074749871355831,0.011984580405989827,0.028518100895544074,0.13437177215796448,0.22708539951328405,0.9657144201543144,/work/tesi_ddellacasaventurelli01/incremental-ad/runs/etth2_merge_n5/80553
etth2_merge_n5,80554,Etth2ForecastDataset,forecast,5,0.15,0.5,714780,0.24143187345404798,0.1274206862959712,0.4858587828188728,0.3226504550875143,3.771614836345563,2.144997027270147,0.02241559686410356,0.007655810177172427,0.027292872535443272,0.12147969947466247,0.2509735901028746,0.9733721961843594,/work/tesi_ddellacasaventurelli01/incremental-ad/runs/etth2_merge_n5/80554
etth2_merge_n5,80555,Etth2ForecastDataset,forecast,5,0.15,0.5,714780,0.23412891247651074,0.13509338424429848,0.47986787162250044,0.30563341943001443,3.6950875467926236,2.517074126861242,0.026414322701404525,0.018839875942594946,0.04360967689169236,0.12289726871675469,0.24429199911095376,0.9614249222418166,/work/tesi_ddellacasaventurelli01/incremental-ad/runs/etth2_merge_n5/80555
etth2_n1,80544,Etth2ForecastDataset,forecast,1,1.0,0.5,714780,nan,nan,nan,nan,1.0,6.101083473071705,0.06477967799866247,0.06477967799866247,0.06477967799866247,nan,nan,nan,/work/tesi_ddellacasaventurelli01/incremental-ad/runs/etth2_n1/80544
etth2_n1,80545,Etth2ForecastDataset,forecast,1,1.0,0.5,714780,nan,nan,nan,nan,1.0,6.985354400224088,0.07299014468354638,0.07299014468354638,0.07299014468354638,nan,nan,nan,/work/tesi_ddellacasaventurelli01/incremental-ad/runs/etth2_n1/80545
etth2_n1,80546,Etth2ForecastDataset,forecast,1,1.0,0.5,714780,nan,nan,nan,nan,1.0,5.842072020800021,0.0612416986983783,0.0612416986983783,0.0612416986983783,nan,nan,nan,/work/tesi_ddellacasaventurelli01/incremental-ad/runs/etth2_n1/80546
etth2_window_W1,80535,Etth2ForecastDataset,forecast,1,1.0,0.9,714780,nan,nan,nan,nan,1.0,2.767287124234682,0.029150601404296553,0.029150601404296553,0.029150601404296553,nan,nan,nan,/work/tesi_ddellacasaventurelli01/incremental-ad/runs/etth2_window_W1/80535
etth2_window_W1,80536,Etth2ForecastDataset,forecast,1,1.0,0.9,714780,nan,nan,nan,nan,1.0,2.5571592604904216,0.026683120917825827,0.026683120917825827,0.026683120917825827,nan,nan,nan,/work/tesi_ddellacasaventurelli01/incremental-ad/runs/etth2_window_W1/80536
etth2_window_W1,80537,Etth2ForecastDataset,forecast,1,1.0,0.9,714780,nan,nan,nan,nan,1.0,2.0102734146203662,0.021061376674822475,0.021061376674822475,0.021061376674822475,nan,nan,nan,/work/tesi_ddellacasaventurelli01/incremental-ad/runs/etth2_window_W1/80537
etth2_window_W2,80538,Etth2ForecastDataset,forecast,1,1.0,0.8,714780,nan,nan,nan,nan,1.0,2.4727596625235213,0.026179681194512777,0.026179681194512777,0.026179681194512777,nan,nan,nan,/work/tesi_ddellacasaventurelli01/incremental-ad/runs/etth2_window_W2/80538
etth2_window_W2,80539,Etth2ForecastDataset,forecast,1,1.0,0.8,714780,nan,nan,nan,nan,1.0,3.2736101390967103,0.03415776665084357,0.03415776665084357,0.03415776665084357,nan,nan,nan,/work/tesi_ddellacasaventurelli01/incremental-ad/runs/etth2_window_W2/80539
etth2_window_W2,80540,Etth2ForecastDataset,forecast,1,1.0,0.8,714780,nan,nan,nan,nan,1.0,2.422031010037146,0.025423211347471674,0.025423211347471674,0.025423211347471674,nan,nan,nan,/work/tesi_ddellacasaventurelli01/incremental-ad/runs/etth2_window_W2/80540
etth2_window_W3,80541,Etth2ForecastDataset,forecast,1,1.0,0.7,714780,nan,nan,nan,nan,1.0,1.6205229653009743,0.01717333333614255,0.01717333333614255,0.01717333333614255,nan,nan,nan,/work/tesi_ddellacasaventurelli01/incremental-ad/runs/etth2_window_W3/80541
etth2_window_W3,80542,Etth2ForecastDataset,forecast,1,1.0,0.7,714780,nan,nan,nan,nan,1.0,2.363962724928946,0.02464111183382384,0.02464111183382384,0.02464111183382384,nan,nan,nan,/work/tesi_ddellacasaventurelli01/incremental-ad/runs/etth2_window_W3/80542
etth2_window_W3,80543,Etth2ForecastDataset,forecast,1,1.0,0.7,714780,nan,nan,nan,nan,1.0,1.8407624434632077,0.019342780073506004,0.019342780073506004,0.019342780073506004,nan,nan,nan,/work/tesi_ddellacasaventurelli01/incremental-ad/runs/etth2_window_W3/80543
etth_vf15_regsweep,79355,EtthForecastDataset,forecast,3,1.0,0.5,714780,0.22510696687600715,0.18647548936117628,0.2507012243943547,0.24442270563342258,2.224239301797414,1.573637525343659,0.0163730677755529,0.009527889579818424,0.02481889264815947,0.06835642561401525,0.07386174731525244,0.920080464175166,/work/tesi_ddellacasaventurelli01/incremental-ad/runs/etth_vf15_regsweep/79355
etth_vf15_regsweep,79356,EtthForecastDataset,forecast,3,1.0,0.5,714780,0.21374037384757597,0.1255202829216906,0.32230576493899565,0.25785041931051866,2.2721862987892627,1.1794629961176875,0.012300666788334342,0.006464113827350273,0.0176035673091178,0.07286911214961918,0.0418572181864638,0.928710013894294,/work/tesi_ddellacasaventurelli01/incremental-ad/runs/etth_vf15_regsweep/79356
ettm2_merge_n2,80584,Ettm2ForecastDataset,forecast,2,0.4,0.5,714780,0.17454346997039313,0.17454346997039313,0.17454346997039313,0.17454346997039313,1.4804341373347372,4.249108272254668,0.04536869343619704,0.025940403013704975,0.0647969838586891,0.030465422909302996,0.030465422909302996,1.0179840677900458,/work/tesi_ddellacasaventurelli01/incremental-ad/runs/ettm2_merge_n2/80584
ettm2_merge_n2,80585,Ettm2ForecastDataset,forecast,2,0.35,0.5,714780,0.1884513016294199,0.1884513016294199,0.1884513016294199,0.1884513016294199,1.6553765507537042,5.209225323190013,0.054754346792003986,0.03746072859744135,0.07204796498656663,0.03551389308582736,0.03551389308582736,1.0059395405986793,/work/tesi_ddellacasaventurelli01/incremental-ad/runs/ettm2_merge_n2/80585
ettm2_merge_n2,80586,Ettm2ForecastDataset,forecast,2,0.4,0.5,714780,0.1749031176638233,0.1749031176638233,0.1749031176638233,0.1749031176638233,1.638898035917825,4.540526520585058,0.048034900432586555,0.03226919329292357,0.06380060757224955,0.030591100568528106,0.030591100568528106,1.0191609303261429,/work/tesi_ddellacasaventurelli01/incremental-ad/runs/ettm2_merge_n2/80586
ettm2_merge_n3,80587,Ettm2ForecastDataset,forecast,3,0.25,0.5,714780,0.1744145775183744,0.12704521027420446,0.2433338405558748,0.1980992611404593,2.646494645016102,5.180354304813188,0.05530984789740406,0.04379819136987487,0.07265325185261835,0.04542239770799371,0.06747718449708073,0.9848248007603436,/work/tesi_ddellacasaventurelli01/incremental-ad/runs/ettm2_merge_n3/80587
ettm2_merge_n3,80588,Ettm2ForecastDataset,forecast,3,0.3,0.5,714780,0.20302241227090856,0.1531069277007997,0.28311991788966995,0.227980154555963,2.6479074463952723,5.545069531155792,0.05836270910667487,0.0475959874965329,0.07580361964872487,0.06060837069645207,0.09134294055502877,0.9725421722241446,/work/tesi_ddellacasaventurelli01/incremental-ad/runs/ettm2_merge_n3/80588
ettm2_merge_n3,80589,Ettm2ForecastDataset,forecast,3,0.25,0.5,714780,0.17405941162708502,0.1372503893127853,0.22565001249623365,0.19246392278423485,2.5195867180408036,5.071102492649286,0.05364774350084201,0.036925607825936395,0.07388922041669839,0.04340904919697482,0.061448670285753564,0.9959651923292177,/work/tesi_ddellacasaventurelli01/incremental-ad/runs/ettm2_merge_n3/80589
ettm2_merge_n5,80590,Ettm2ForecastDataset,forecast,5,0.15,0.5,714780,0.19964456321561125,0.07492623751348948,0.4783240461380616,0.29319409659165013,3.8968970048972587,3.7727332840967813,0.0403269474312337,0.027239558354912295,0.06357451251092072,0.11032903357223606,0.23900108521061356,0.9676568940086018,/work/tesi_ddellacasaventurelli01/incremental-ad/runs/ettm2_merge_n5/80590
ettm2_merge_n5,80591,Ettm2ForecastDataset,forecast,5,0.15,0.5,714780,0.20926703638129812,0.09476770608333233,0.47562335389106297,0.29263555965875043,4.159415691221577,4.107186313002234,0.04316801447907741,0.03336303279323013,0.062070673735593225,0.11326653954550281,0.2382717517325834,0.9559469284554916,/work/tesi_ddellacasaventurelli01/incremental-ad/runs/ettm2_merge_n5/80591
ettm2_merge_n5,80592,Ettm2ForecastDataset,forecast,5,0.15,0.5,714780,0.19289855983220272,0.07359544160951802,0.476230018592377,0.27994757188417474,4.307329593719681,3.983456399934987,0.04205415376106162,0.0297636101106386,0.05632804061668215,0.06898787493757644,0.09731715465627179,0.9744609326182995,/work/tesi_ddellacasaventurelli01/incremental-ad/runs/ettm2_merge_n5/80592
ettm2_n1,80572,Ettm2ForecastDataset,forecast,1,1.0,0.5,714780,nan,nan,nan,nan,1.0,7.6134446152681265,0.08129322103996728,0.08129322103996728,0.08129322103996728,nan,nan,nan,/work/tesi_ddellacasaventurelli01/incremental-ad/runs/ettm2_n1/80572
ettm2_n1,80573,Ettm2ForecastDataset,forecast,1,1.0,0.5,714780,nan,nan,nan,nan,1.0,8.615316095105264,0.09055266053469244,0.09055266053469244,0.09055266053469244,nan,nan,nan,/work/tesi_ddellacasaventurelli01/incremental-ad/runs/ettm2_n1/80573
ettm2_n1,80574,Ettm2ForecastDataset,forecast,1,1.0,0.5,714780,nan,nan,nan,nan,1.0,7.958425145177969,0.08403136341768004,0.08403136341768004,0.08403136341768004,nan,nan,nan,/work/tesi_ddellacasaventurelli01/incremental-ad/runs/ettm2_n1/80574
ettm2_window_W1,80575,Ettm2ForecastDataset,forecast,1,1.0,0.9,714780,nan,nan,nan,nan,1.0,3.253001657412131,0.03468208340576759,0.03468208340576759,0.03468208340576759,nan,nan,nan,/work/tesi_ddellacasaventurelli01/incremental-ad/runs/ettm2_window_W1/80575
ettm2_window_W1,80576,Ettm2ForecastDataset,forecast,1,1.0,0.9,714780,nan,nan,nan,nan,1.0,3.250804769241075,0.034164733606839914,0.034164733606839914,0.034164733606839914,nan,nan,nan,/work/tesi_ddellacasaventurelli01/incremental-ad/runs/ettm2_window_W1/80576
ettm2_window_W1,80577,Ettm2ForecastDataset,forecast,1,1.0,0.9,714780,nan,nan,nan,nan,1.0,2.126996770203769,0.02253674286489578,0.02253674286489578,0.02253674286489578,nan,nan,nan,/work/tesi_ddellacasaventurelli01/incremental-ad/runs/ettm2_window_W1/80577
ettm2_window_W2,80578,Ettm2ForecastDataset,forecast,1,1.0,0.8,714780,nan,nan,nan,nan,1.0,2.930475933394745,0.03128605518029316,0.03128605518029316,0.03128605518029316,nan,nan,nan,/work/tesi_ddellacasaventurelli01/incremental-ad/runs/ettm2_window_W2/80578
ettm2_window_W2,80579,Ettm2ForecastDataset,forecast,1,1.0,0.8,714780,nan,nan,nan,nan,1.0,3.159110803629423,0.0332016392273031,0.0332016392273031,0.0332016392273031,nan,nan,nan,/work/tesi_ddellacasaventurelli01/incremental-ad/runs/ettm2_window_W2/80579
ettm2_window_W2,80580,Ettm2ForecastDataset,forecast,1,1.0,0.8,714780,nan,nan,nan,nan,1.0,2.243215568467066,0.023764546709073436,0.023764546709073436,0.023764546709073436,nan,nan,nan,/work/tesi_ddellacasaventurelli01/incremental-ad/runs/ettm2_window_W2/80580
ettm2_window_W3,80581,Ettm2ForecastDataset,forecast,1,1.0,0.7,714780,nan,nan,nan,nan,1.0,3.6818870109060486,0.03925341268077668,0.03925341268077668,0.03925341268077668,nan,nan,nan,/work/tesi_ddellacasaventurelli01/incremental-ad/runs/ettm2_window_W3/80581
ettm2_window_W3,80582,Ettm2ForecastDataset,forecast,1,1.0,0.7,714780,nan,nan,nan,nan,1.0,4.788159566395142,0.050321753431880986,0.050321753431880986,0.050321753431880986,nan,nan,nan,/work/tesi_ddellacasaventurelli01/incremental-ad/runs/ettm2_window_W3/80582
ettm2_window_W3,80583,Ettm2ForecastDataset,forecast,1,1.0,0.7,714780,nan,nan,nan,nan,1.0,3.6069034897719563,0.03821140850782397,0.03821140850782397,0.03821140850782397,nan,nan,nan,/work/tesi_ddellacasaventurelli01/incremental-ad/runs/ettm2_window_W3/80583
exch_gate_incremental,79671,ExchangeRateForecastDataset,forecast,3,0.5,0.5,712096,0.21687645081761145,0.0379607787234167,0.4558238981977145,0.3063342868647088,1.8848315930271395,1.3555996065007232,0.01813119014762252,0.011367098228711384,0.031392358743363956,0.11689751603258906,0.026019605897311112,1.021764770541799,/work/tesi_ddellacasaventurelli01/incremental-ad/runs/exch_gate_incremental/79671
exch_gate_incremental,80665,ExchangeRateForecastDataset,forecast,3,0.5,0.5,712096,0.23733275978576343,0.08339811633204898,0.4787563600907989,0.3143000815126207,1.8218858075610325,1.2721069046479994,0.017075158813074424,0.010300580144208373,0.030188529478390187,0.12591859247703724,0.02262953262694362,1.0479417755490852,/work/tesi_ddellacasaventurelli01/incremental-ad/runs/exch_gate_incremental/80665
exch_gate_incremental,80666,ExchangeRateForecastDataset,forecast,3,0.5,0.5,712096,0.2428301473156056,0.08628447243146557,0.495397854267094,0.32110298475767557,1.838302601900163,1.30766664199932,0.017469418139485614,0.009768451520466811,0.030671773338980423,0.13360759555180746,0.02179615709144849,1.0180573511909534,/work/tesi_ddellacasaventurelli01/incremental-ad/runs/exch_gate_incremental/80666
exch_incremental,79677,ExchangeRateForecastDataset,forecast,3,0.5,0.5,712096,0.23733275978576343,0.08339811633204898,0.4787563600907989,0.3143000815126207,1.8218858075610325,1.2721069046479994,0.017075158813074424,0.010300580144208373,0.030188529478390187,0.12591859247703724,0.02262953262694362,1.0479417755490852,/work/tesi_ddellacasaventurelli01/incremental-ad/runs/exch_incremental/79677
exch_incremental,79678,ExchangeRateForecastDataset,forecast,3,0.5,0.5,712096,0.2535437974057229,0.09293681543907398,0.4746608093823231,0.3338472883890473,2.076300529104281,1.4269515164908813,0.019103112418380624,0.012556201530620084,0.030730857675355664,0.13128356936994046,0.03726425477671138,1.0202536602536596,/work/tesi_ddellacasaventurelli01/incremental-ad/runs/exch_incremental/79678
exch_incremental,80669,ExchangeRateForecastDataset,forecast,3,0.5,0.5,712096,0.23154421707642245,0.06309468831672424,0.48039820968582597,0.3157689814562715,1.8328142992013483,1.3967345123547197,0.018738449284981157,0.010025458541259922,0.033011318653787224,0.12687165139515605,0.022960862921235906,1.0575017114473844,/work/tesi_ddellacasaventurelli01/incremental-ad/runs/exch_incremental/80669
fixshard_etth1_n2,80415,EtthForecastDataset,forecast,2,0.5,0.7,714780,0.19860677808344807,0.19860677808344807,0.19860677808344807,0.19860677808344807,1.9601094019833567,0.9679878470523784,0.010235514602829392,0.010109977701503297,0.010361051504155488,0.03944465230063567,0.03944465230063567,0.9011736407376575,/work/tesi_ddellacasaventurelli01/incremental-ad/runs/fixshard_etth1_n2/80415
fixshard_etth1_n2,80416,EtthForecastDataset,forecast,2,0.5,0.7,714780,0.17754931021897527,0.17754931021897527,0.17754931021897527,0.17754931021897527,1.7338070624518995,0.4803703006563675,0.005021312048996243,0.0036818650661941234,0.006360759031798361,0.03152375755921763,0.03152375755921763,0.9751459553001974,/work/tesi_ddellacasaventurelli01/incremental-ad/runs/fixshard_etth1_n2/80416
fixshard_etth1_n2,80417,EtthForecastDataset,forecast,2,0.5,0.7,714780,0.20507025995024758,0.20507025995024758,0.20507025995024758,0.20507025995024758,1.9016629048133469,1.2474706568994245,0.01313126955227403,0.011504020088464096,0.014758519016083963,0.04205381151601954,0.04205381151601954,0.9058547614868295,/work/tesi_ddellacasaventurelli01/incremental-ad/runs/fixshard_etth1_n2/80417
fixshard_etth1_n3,80418,EtthForecastDataset,forecast,3,0.35,0.55,714780,0.23946040483857037,0.19852603634189783,0.2665883736855579,0.25992758908690666,2.318740139893088,1.9391266981953785,0.02064008308135782,0.01486233700102229,0.03040737590480994,0.07677645673724579,0.0894088392188566,0.9315157424411827,/work/tesi_ddellacasaventurelli01/incremental-ad/runs/fixshard_etth1_n3/80418
fixshard_etth1_n3,80419,EtthForecastDataset,forecast,3,0.4,0.55,714780,0.19350545787895693,0.13385409474216423,0.27018736483635253,0.22333113944735328,2.316594236857107,1.7691328584452315,0.01843771003543222,0.00873331949670991,0.024888624887727324,0.05607756888466275,0.0391539256521803,0.9401989438981053,/work/tesi_ddellacasaventurelli01/incremental-ad/runs/fixshard_etth1_n3/80419
fixshard_etth1_n3,80420,EtthForecastDataset,forecast,3,0.35,0.55,714780,0.1586886345802119,0.1350023902514555,0.18547675141138892,0.1705317567445901,2.3181345542512237,1.8063597176366117,0.01898600756591721,0.011097423750301873,0.02815930275599603,0.035138478315494666,0.03587533131689998,0.9783204981915699,/work/tesi_ddellacasaventurelli01/incremental-ad/runs/fixshard_etth1_n3/80420
fixshard_etth1_n5,80421,EtthForecastDataset,forecast,5,0.2,0.25,714780,0.3242584348567296,0.15899598066751874,0.4579555159530508,0.3408059879542682,4.058887063908814,3.2256350470515605,0.03423625055598012,0.027290804831006474,0.03904158565537843,0.18444214850502766,0.2593162018605793,0.8789126546007952,/work/tesi_ddellacasaventurelli01/incremental-ad/runs/fixshard_etth1_n5/80421
fixshard_etth1_n5,80422,EtthForecastDataset,forecast,5,0.2,0.25,714780,0.3169555544830142,0.1667809447581561,0.44471993314134134,0.3336610054377735,3.7537078504478387,2.9655067586708292,0.031007690208618034,0.02074270818293398,0.03944936943610744,0.17264119487994112,0.20992661978453417,0.8703980484083069,/work/tesi_ddellacasaventurelli01/incremental-ad/runs/fixshard_etth1_n5/80422
fixshard_etth1_n5,80423,EtthForecastDataset,forecast,5,0.25,0.25,714780,0.3257763088468834,0.16817989325639449,0.47913911378160173,0.35175153676570137,3.986253669387221,3.2921241849075082,0.034739063558533644,0.027352234439660537,0.04072426036493352,0.1869542627089923,0.2279446665197377,0.8754964887282325,/work/tesi_ddellacasaventurelli01/incremental-ad/runs/fixshard_etth1_n5/80423
fixshard_exchange_n2,80424,ExchangeRateForecastDataset,forecast,2,0.5,0.7,712096,0.2619120059702882,0.2619120059702882,0.2619120059702882,0.2619120059702882,1.913835873653206,1.8346619456517885,0.024552623747359878,0.0228292022842932,0.02627604521042656,0.06859789887128372,0.06859789887128372,0.9787354716180218,/work/tesi_ddellacasaventurelli01/incremental-ad/runs/fixshard_exchange_n2/80424
fixshard_exchange_n2,80425,ExchangeRateForecastDataset,forecast,2,0.45,0.7,712096,0.2518937633786639,0.2518937633786639,0.2518937633786639,0.2518937633786639,1.8757689104499438,1.908574834343119,0.025435543037794182,0.022106178853091272,0.028764907222497093,0.06345046802898764,0.06345046802898764,0.9593813812004022,/work/tesi_ddellacasaventurelli01/incremental-ad/runs/fixshard_exchange_n2/80425
fixshard_exchange_n2,80426,ExchangeRateForecastDataset,forecast,2,0.5,0.7,712096,0.21232517105570747,0.21232517105570747,0.21232517105570747,0.21232517105570747,1.9042364018835505,1.9946734738689766,0.026508087535058372,0.02338947059542713,0.029626704474689614,0.04508197826378361,0.04508197826378361,0.9682543917731965,/work/tesi_ddellacasaventurelli01/incremental-ad/runs/fixshard_exchange_n2/80426
fixshard_exchange_n3,80427,ExchangeRateForecastDataset,forecast,3,0.45,0.55,712096,0.2335464825626953,0.12055033312676249,0.341005873030008,0.2900445572806617,2.44886384657029,1.4931677820094895,0.019895290644639036,0.014963174569940839,0.027958036998725542,0.08758442350361928,0.05888384156641505,0.994092374423288,/work/tesi_ddellacasaventurelli01/incremental-ad/runs/fixshard_exchange_n3/80427
fixshard_exchange_n3,80428,ExchangeRateForecastDataset,forecast,3,0.4,0.55,712096,0.23584107355908798,0.13251042933693674,0.30971955808702456,0.28750639567016356,2.5321976962569392,1.6969020802816868,0.02258666799435713,0.015092250050061057,0.029136224902611675,0.08455506897310877,0.07318393328472408,0.9958549799672777,/work/tesi_ddellacasaventurelli01/incremental-ad/runs/fixshard_exchange_n3/80428
fixshard_exchange_n3,80429,ExchangeRateForecastDataset,forecast,3,0.4,0.55,712096,0.20193181144907746,0.14152537111764826,0.24226781006616271,0.23213503161479204,2.6582974763910165,1.6981958992103685,0.022720950672647778,0.016184539110681455,0.027777670780908887,0.05807863573612726,0.05746357967807466,1.0018139166686761,/work/tesi_ddellacasaventurelli01/incremental-ad/runs/fixshard_exchange_n3/80429
fixshard_exchange_n5,80430,ExchangeRateForecastDataset,forecast,5,0.35,0.25,712096,0.12302618264668086,-0.10313385731283563,0.28797025789166486,0.1885470435098124,3.758651858851225,1.8145442226350745,0.024313712871715323,0.012440557099156136,0.03366142352038752,0.07015195725117263,0.10149915173092983,1.0824952014765776,/work/tesi_ddellacasaventurelli01/incremental-ad/runs/fixshard_exchange_n5/80430
fixshard_exchange_n5,80431,ExchangeRateForecastDataset,forecast,5,0.3,0.25,712096,0.13698937206364922,-0.017952467568121352,0.338577660377127,0.22025068193128214,4.0489939455231925,1.845543536641235,0.02468211053664106,0.013848547817483813,0.033726523802291145,0.07110961710698296,0.11411160331592603,1.0855390980225428,/work/tesi_ddellacasaventurelli01/incremental-ad/runs/fixshard_exchange_n5/80431
fixshard_exchange_n5,80432,ExchangeRateForecastDataset,forecast,5,0.3,0.25,712096,0.1365386479739415,-0.04772683579278309,0.27936443253920895,0.21029010521924618,4.090641185392984,1.7784313119205877,0.023749556948407156,0.01395696894798596,0.0316875139195271,0.06971337615860443,0.08007648652436644,1.0763930667660648,/work/tesi_ddellacasaventurelli01/incremental-ad/runs/fixshard_exchange_n5/80432
l2sp_clean_lam0p0,80311,EtthForecastDataset,forecast,3,0.3,0.5,714780,0.20493227841583062,0.16660488561843373,0.22799308130426368,0.2240959748145291,2.297561484272477,1.3010942548526294,0.013697603958852144,0.006807335885719818,0.01958267825755512,0.05735402049560163,0.06622049937973386,0.9394689934462201,/work/tesi_ddellacasaventurelli01/incremental-ad/runs/l2sp_clean_lam0p0/80311
l2sp_clean_lam0p0,80312,EtthForecastDataset,forecast,3,0.3,0.5,714780,0.23970094568930433,0.2131126049538278,0.25891976025150026,0.2529951160570426,2.353655993513337,1.7709849646724314,0.01846967307095745,0.013386373901269809,0.02685749131743545,0.07596233284704121,0.0848852234454457,0.9104504415280249,/work/tesi_ddellacasaventurelli01/incremental-ad/runs/l2sp_clean_lam0p0/80312
l2sp_clean_lam0p0,80313,EtthForecastDataset,forecast,3,0.3,0.5,714780,0.19513974097645984,0.14624183883267047,0.22791452865711534,0.21958869204835454,2.5741022910862883,1.2887775476628074,0.013450554959311543,0.008683396564576335,0.017003757587429707,0.05332428660890203,0.062016579129359296,0.9459170072478422,/work/tesi_ddellacasaventurelli01/incremental-ad/runs/l2sp_clean_lam0p0/80313
l2sp_clean_lam1em2,80314,EtthForecastDataset,forecast,3,0.4,0.5,714780,0.2552230675421694,0.2200476954788245,0.3118546915201997,0.2728107535738419,2.266438453505628,1.088074120332961,0.011539665217360039,0.00643911871485755,0.016728060243752018,0.08794246448697979,0.07863158035093767,0.9104004295949254,/work/tesi_ddellacasaventurelli01/incremental-ad/runs/l2sp_clean_lam1em2/80314
l2sp_clean_lam1em2,80315,EtthForecastDataset,forecast,3,0.3,0.5,714780,0.2694709700339908,0.21688302044923236,0.3261071631220392,0.29576494482637006,2.5485688400083846,1.3433559684606216,0.014009913155855794,0.009920655984303781,0.0176035673091178,0.09790070739271493,0.08945553294604472,0.895125901587361,/work/tesi_ddellacasaventurelli01/incremental-ad/runs/l2sp_clean_lam1em2/80315
l2sp_clean_lam1em2,80316,EtthForecastDataset,forecast,3,0.3,0.5,714780,0.19394138163113853,0.12061251188583717,0.23615909481624148,0.2306058165037892,2.576290978068005,1.1255538027059468,0.01174704145832889,0.007426024950729194,0.013998257599809869,0.05560700921472658,0.06056537348313861,0.943230735243,/work/tesi_ddellacasaventurelli01/incremental-ad/runs/l2sp_clean_lam1em2/80316
l2sp_clean_lam1em3,80317,EtthForecastDataset,forecast,3,0.3,0.5,714780,0.21096084195419826,0.1783482602501772,0.2455289147844022,0.2272671328062088,2.8556530463976606,2.219968250817434,0.023408252749793256,0.021603871356915497,0.02442958497384814,0.060569939151218236,0.060855430307276775,0.9382802876842187,/work/tesi_ddellacasaventurelli01/incremental-ad/runs/l2sp_clean_lam1em3/80317
l2sp_clean_lam1em3,80318,EtthForecastDataset,forecast,3,0.3,0.5,714780,0.22510696687600715,0.18647548936117628,0.2507012243943547,0.24442270563342258,2.224239301797414,1.573637525343659,0.0163730677755529,0.009527889579818424,0.02481889264815947,0.06835642561401525,0.07386174731525244,0.920080464175166,/work/tesi_ddellacasaventurelli01/incremental-ad/runs/l2sp_clean_lam1em3/80318
l2sp_clean_lam1em3,80319,EtthForecastDataset,forecast,3,0.3,0.5,714780,0.20080955648653032,0.15570580238288625,0.22521573801586212,0.22336143353835236,2.5855406643350514,1.2487975528782616,0.013031027211679092,0.008666105848028332,0.016511047911045337,0.055791747431903634,0.060861366213832944,0.9455670326893288,/work/tesi_ddellacasaventurelli01/incremental-ad/runs/l2sp_clean_lam1em3/80319
n1_etth1,80371,EtthForecastDataset,forecast,1,1.0,0.5,714780,nan,nan,nan,nan,1.0,2.227999098403237,0.02323964829331144,0.02323964829331144,0.02323964829331144,nan,nan,nan,/work/tesi_ddellacasaventurelli01/incremental-ad/runs/n1_etth1/80371
n1_etth1,80372,EtthForecastDataset,forecast,1,1.0,0.5,714780,nan,nan,nan,nan,1.0,2.137161038263739,0.022517932513247248,0.022517932513247248,0.022517932513247248,nan,nan,nan,/work/tesi_ddellacasaventurelli01/incremental-ad/runs/n1_etth1/80372
n1_etth1,80373,EtthForecastDataset,forecast,1,1.0,0.5,714780,nan,nan,nan,nan,1.0,1.7334049149059307,0.01837588775109259,0.01837588775109259,0.01837588775109259,nan,nan,nan,/work/tesi_ddellacasaventurelli01/incremental-ad/runs/n1_etth1/80373
n1_exchange,80374,ExchangeRateForecastDataset,forecast,1,0.5,0.5,712096,nan,nan,nan,nan,1.0,2.7357207974702455,0.03668178464057232,0.03668178464057232,0.03668178464057232,nan,nan,nan,/work/tesi_ddellacasaventurelli01/incremental-ad/runs/n1_exchange/80374
n1_exchange,80375,ExchangeRateForecastDataset,forecast,1,0.5,0.5,712096,nan,nan,nan,nan,1.0,2.7772494100867857,0.037234925962592556,0.037234925962592556,0.037234925962592556,nan,nan,nan,/work/tesi_ddellacasaventurelli01/incremental-ad/runs/n1_exchange/80375
n1_exchange,80376,ExchangeRateForecastDataset,forecast,1,0.5,0.5,712096,nan,nan,nan,nan,1.0,2.886804304161174,0.03870397383981743,0.03870397383981743,0.03870397383981743,nan,nan,nan,/work/tesi_ddellacasaventurelli01/incremental-ad/runs/n1_exchange/80376
n1_psm,80370,Psm,ad,1,1.0,0.5,649341,nan,nan,nan,nan,1.0,0.32709457422362725,0.0037441693609119565,0.0037441693609119565,0.0037441693609119565,nan,nan,nan,/work/tesi_ddellacasaventurelli01/incremental-ad/runs/n1_psm/80370
n1_psm,80671,Psm,ad,1,1.0,0.5,649341,nan,nan,nan,nan,1.0,0.3245475843143528,0.0037259787726790766,0.0037259787726790766,0.0037259787726790766,nan,nan,nan,/work/tesi_ddellacasaventurelli01/incremental-ad/runs/n1_psm/80671
n1_psm,80672,Psm,ad,1,1.0,0.5,649341,nan,nan,nan,nan,1.0,0.41320450437523637,0.004768293346305724,0.004768293346305724,0.004768293346305724,nan,nan,nan,/work/tesi_ddellacasaventurelli01/incremental-ad/runs/n1_psm/80672
n1_swat,80369,Swat,ad,1,1.0,0.5,1917695,nan,nan,nan,nan,1.0,0.9542139442722012,0.008645421540580152,0.008645421540580152,0.008645421540580152,nan,nan,nan,/work/tesi_ddellacasaventurelli01/incremental-ad/runs/n1_swat/80369
n1_swat,80673,Swat,ad,1,1.0,0.5,1917695,nan,nan,nan,nan,1.0,1.0816654607903304,0.009799003464792514,0.009799003464792514,0.009799003464792514,nan,nan,nan,/work/tesi_ddellacasaventurelli01/incremental-ad/runs/n1_swat/80673
n1_swat,80674,Swat,ad,1,1.0,0.5,1917695,nan,nan,nan,nan,1.0,1.1388543879580124,0.010376003422651502,0.010376003422651502,0.010376003422651502,nan,nan,nan,/work/tesi_ddellacasaventurelli01/incremental-ad/runs/n1_swat/80674
noisefloor_etth,79353,EtthForecastDataset,forecast,3,1.0,0.5,714780,0.2403333075369308,0.2126207340100215,0.2595443516696565,0.2541895943003854,2.532306941516648,1.2555697999866418,0.013132099888254818,0.008930207263537137,0.01714740341673723,0.07638995494841683,0.08541663941328709,0.917074187981405,/work/tesi_ddellacasaventurelli01/incremental-ad/runs/noisefloor_etth/79353
noisefloor_etth,79354,EtthForecastDataset,forecast,3,1.0,0.5,714780,0.20785808748123244,0.14372030822224943,0.28906845745397053,0.23992697711072392,2.0356497835479517,1.8079988263436684,0.0192001100305831,0.00634640220133708,0.02985073193768898,0.06425982074188648,0.044959068389020876,0.9208784023077838,/work/tesi_ddellacasaventurelli01/incremental-ad/runs/noisefloor_etth/79354
noisefloor_etth,80675,EtthForecastDataset,forecast,3,1.0,0.5,714780,0.22743927923023274,0.20773895687174374,0.2387435789115142,0.2372894404094772,2.0968788657625783,1.9614989139009007,0.02045798600193519,0.013318729946500686,0.03283809129436522,0.06844993297720577,0.0812815763286808,0.9077379823666544,/work/tesi_ddellacasaventurelli01/incremental-ad/runs/noisefloor_etth/80675
noisefloor_psm,79351,Psm,ad,3,1.0,0.5,649341,0.38809138994811815,0.2791506522904754,0.4917968397475793,0.4425617587769395,2.3796201787521682,0.4725820830346514,0.005427339446210937,0.0036550544259615516,0.0065098235121370095,0.20313034975556832,0.16439656792557766,0.8770422509071264,/work/tesi_ddellacasaventurelli01/incremental-ad/runs/noisefloor_psm/79351
noisefloor_psm,79352,Psm,ad,3,1.0,0.5,649341,0.38689986886678457,0.2474476737999904,0.5424214407598388,0.4566259664001816,2.5083250394065306,0.5318336961512351,0.006135438432267475,0.005681689597487095,0.006913330330280782,0.21738688901796582,0.14055275864024488,0.8603673933887346,/work/tesi_ddellacasaventurelli01/incremental-ad/runs/noisefloor_psm/79352
noisefloor_psm,80676,Psm,ad,3,1.0,0.5,649341,0.3986388143520873,0.26469831565637486,0.5502576055749643,0.46560906369994354,2.5060336940563,0.5117090520331867,0.005858567652325782,0.00522768140577631,0.006428478477849478,0.2261321909871668,0.14948094948158155,0.8391893916472415,/work/tesi_ddellacasaventurelli01/incremental-ad/runs/noisefloor_psm/80676
noisefloor_swat,79349,Swat,ad,3,1.0,0.5,1917695,0.7446991926425185,0.6848087622577128,0.8448920018275272,0.7746444078349213,1.7066742179714964,0.6853978806324464,0.006209344012517466,0.005402523918091923,0.0074645994302137975,0.6129882614955838,0.7298016516414381,0.748323872381109,/work/tesi_ddellacasaventurelli01/incremental-ad/runs/noisefloor_swat/79349
noisefloor_swat,79350,Swat,ad,3,1.0,0.5,1917695,0.7410171479987419,0.6857282724157825,0.8435012633049384,0.7646147678603604,1.6954201067593038,0.6808780871254059,0.006203479485630358,0.004972685805842274,0.007762445320269832,0.603429489176838,0.7366357147650424,0.7451539786457094,/work/tesi_ddellacasaventurelli01/incremental-ad/runs/noisefloor_swat/79350
noisefloor_swat,80680,Swat,ad,3,1.0,0.5,1917695,0.7214878657199334,0.6521012358868604,0.8391320805543122,0.75618118063647,1.7930790159166898,0.6184150159979546,0.00559779525938963,0.00540852658974223,0.0058087523241697045,0.5856399143231177,0.718040817771158,0.7725232357111128,/work/tesi_ddellacasaventurelli01/incremental-ad/runs/noisefloor_swat/80680
segsweep_etth1_merge_n2,79870,EtthForecastDataset,forecast,2,0.5,0.5,714780,0.32754092524682965,0.32754092524682965,0.32754092524682965,0.32754092524682965,1.7822953961873507,1.8982643398526289,0.02009445562447716,0.016377880226327978,0.02381103102262635,0.10728305771144231,0.10728305771144231,0.880607419005445,/work/tesi_ddellacasaventurelli01/incremental-ad/runs/segsweep_etth1_merge_n2/79870
segsweep_etth1_merge_n2,79871,EtthForecastDataset,forecast,2,0.5,0.5,714780,0.29870673678344384,0.29870673678344384,0.29870673678344384,0.29870673678344384,1.5024842963112814,1.856777409418244,0.0193700213923375,0.011713749994537214,0.027026292790137785,0.08922571459973999,0.08922571459973999,0.8869401450095189,/work/tesi_ddellacasaventurelli01/incremental-ad/runs/segsweep_etth1_merge_n2/79871
segsweep_etth1_merge_n2,79872,EtthForecastDataset,forecast,2,0.5,0.5,714780,0.29462477488427635,0.29462477488427635,0.29462477488427635,0.29462477488427635,1.8091613061114025,1.7990036342928795,0.018897533240570637,0.015563062192553335,0.02223200428858794,0.08680375797550728,0.08680375797550728,0.9059005281624161,/work/tesi_ddellacasaventurelli01/incremental-ad/runs/segsweep_etth1_merge_n2/79872
segsweep_etth1_merge_n5,79873,EtthForecastDataset,forecast,5,0.2,0.5,714780,0.2222124358794435,0.11862438555916384,0.3266056637910717,0.23396744505726352,4.164003275156828,1.1473802894498113,0.012151323686775923,0.007748949630846609,0.01555904101224171,0.09997961350067208,0.1434445401530764,0.9367589826259277,/work/tesi_ddellacasaventurelli01/incremental-ad/runs/segsweep_etth1_merge_n5/79873
segsweep_etth1_merge_n5,79917,EtthForecastDataset,forecast,5,0.2,0.5,714780,0.18522008162918915,0.09737836141083545,0.31908104970584233,0.20445308200313428,3.384815918435308,1.1030331270825444,0.011490585248114497,0.002789202560372963,0.018528134433247308,0.06847731709481007,0.10489542560833613,0.9639324484464248,/work/tesi_ddellacasaventurelli01/incremental-ad/runs/segsweep_etth1_merge_n5/79917
segsweep_etth1_merge_n5,79918,EtthForecastDataset,forecast,5,0.2,0.5,714780,0.18572983240455773,0.09615962338449573,0.31937384869799185,0.18093113029730828,2.7041923927011013,1.055321320836826,0.011119248580353219,0.0027500534072216554,0.021789934082663047,0.04353490269568711,0.11314014137630107,0.9787328570978003,/work/tesi_ddellacasaventurelli01/incremental-ad/runs/segsweep_etth1_merge_n5/79918
segsweep_exchange_merge_n2,79883,ExchangeRateForecastDataset,forecast,2,0.7,0.5,712096,0.17933833716981995,0.17933833716981995,0.17933833716981995,0.17933833716981995,1.6945114785598039,2.073533609282583,0.027794937718208273,0.019673338320148705,0.03591653711626784,0.03216223917880751,0.03216223917880751,1.0077274729103032,/work/tesi_ddellacasaventurelli01/incremental-ad/runs/segsweep_exchange_merge_n2/79883
segsweep_exchange_merge_n2,79884,ExchangeRateForecastDataset,forecast,2,0.7,0.5,712096,0.17607509976178853,0.17607509976178853,0.17607509976178853,0.17607509976178853,1.6728823012072878,2.0344678334315316,0.02724463241078201,0.018892582779598547,0.03559668204196547,0.03100244075610192,0.03100244075610192,0.9625988065592677,/work/tesi_ddellacasaventurelli01/incremental-ad/runs/segsweep_exchange_merge_n2/79884
segsweep_exchange_merge_n2,79922,ExchangeRateForecastDataset,forecast,2,0.7,0.5,712096,0.19945932156452817,0.19945932156452817,0.19945932156452817,0.19945932156452817,1.5694482826626917,1.9917326748117088,0.02658993954018178,0.0167901415783955,0.03638973750196806,0.039784020958951866,0.039784020958951866,0.9894390699115436,/work/tesi_ddellacasaventurelli01/incremental-ad/runs/segsweep_exchange_merge_n2/79922
segsweep_exchange_merge_n5,79885,ExchangeRateForecastDataset,forecast,5,0.3,0.5,712096,0.23300706918498476,0.06576985946537511,0.5112004207073125,0.3640965509518759,3.3756422217514244,1.1276586788055867,0.015095248023917629,0.004796370422997044,0.023859226614451584,0.14772742316008938,0.26586637707167066,1.0742993906470495,/work/tesi_ddellacasaventurelli01/incremental-ad/runs/segsweep_exchange_merge_n5/79885
segsweep_exchange_merge_n5,79886,ExchangeRateForecastDataset,forecast,5,0.3,0.5,712096,0.20649327886556837,0.05195004881031359,0.5448349929078997,0.3402761228475561,3.3749002925879155,1.1484292633829096,0.015406214109160743,0.004916900693594078,0.024703995470490087,0.13520833120885922,0.2997701939817539,1.0908057006283447,/work/tesi_ddellacasaventurelli01/incremental-ad/runs/segsweep_exchange_merge_n5/79886
segsweep_exchange_merge_n5,79937,ExchangeRateForecastDataset,forecast,5,0.3,0.5,712096,0.20041613499009586,0.07730078145586373,0.5146389491512688,0.32107728103420663,3.3082000505382454,1.0892490320415358,0.014619680883819814,0.002069626928569184,0.02408342304781227,0.1256887884593516,0.2678671635363361,1.0903268969113382,/work/tesi_ddellacasaventurelli01/incremental-ad/runs/segsweep_exchange_merge_n5/79937
segsweep_psm_merge_n2,79930,Psm,ad,2,1.0,0.5,649341,0.37912548074709396,0.37912548074709396,0.37912548074709396,0.37912548074709396,1.8509671867502075,0.6866164637317094,0.007858973698402352,0.007500399909497384,0.008217547487307318,0.1437361301516008,0.1437361301516008,0.8699726026983285,/work/tesi_ddellacasaventurelli01/incremental-ad/runs/segsweep_psm_merge_n2/79930
segsweep_psm_merge_n2,80681,Psm,ad,2,1.0,0.5,649341,0.3760942454715369,0.3760942454715369,0.3760942454715369,0.3760942454715369,1.8599633128220807,0.672589578501317,0.007723370470076039,0.007666606836218058,0.007780134103934021,0.14144688147670817,0.14144688147670817,0.8979214356797425,/work/tesi_ddellacasaventurelli01/incremental-ad/runs/segsweep_psm_merge_n2/80681
segsweep_psm_merge_n2,80682,Psm,ad,2,1.0,0.5,649341,0.3915615614135876,0.3915615614135876,0.3915615614135876,0.3915615614135876,1.8482387867126366,0.7006484025312627,0.008084161533465977,0.008006802111536464,0.00816152095539549,0.15332045637654237,0.15332045637654237,0.8347959935301916,/work/tesi_ddellacasaventurelli01/incremental-ad/runs/segsweep_psm_merge_n2/80682
segsweep_psm_merge_n5,79929,Psm,ad,5,1.0,0.5,649341,0.331557916538889,0.042610124931231376,0.519982765170594,0.4197498287547806,3.7160774614675574,0.35988969440109286,0.004119514796819211,0.002957557827502098,0.0048364778630016385,0.2253399762341987,0.1341693283882896,0.9143551196737885,/work/tesi_ddellacasaventurelli01/incremental-ad/runs/segsweep_psm_merge_n5/79929
segsweep_psm_merge_n5,80683,Psm,ad,5,1.0,0.5,649341,0.34104289276445937,0.1574079062815014,0.4945766691394371,0.40913556942194296,3.1023165292322847,0.3242701823198736,0.0037238020444112585,0.0007065682755120533,0.005245575044105604,0.21103271071896273,0.1813793910078883,0.9387812695871448,/work/tesi_ddellacasaventurelli01/incremental-ad/runs/segsweep_psm_merge_n5/80683
segsweep_psm_merge_n5,80684,Psm,ad,5,1.0,0.5,649341,0.32490674620797305,0.09348209651092476,0.52021343563852,0.40984356917451215,3.1760979949182593,0.3323243438350945,0.0038352024240218344,0.0003614893883106066,0.0054269540983263665,0.20628312128953472,0.16352340801329748,0.9508945442694786,/work/tesi_ddellacasaventurelli01/incremental-ad/runs/segsweep_psm_merge_n5/80684
segsweep_swat_merge_n2,79926,Swat,ad,2,1.0,0.5,1917695,0.7446308892824406,0.7446308892824406,0.7446308892824406,0.7446308892824406,1.4401937292137355,0.7518862708048226,0.00680673384711363,0.005965658713564675,0.007647808980662586,0.5544751612704417,0.5544751612704417,0.7430457179828562,/work/tesi_ddellacasaventurelli01/incremental-ad/runs/segsweep_swat_merge_n2/79926
segsweep_swat_merge_n2,80689,Swat,ad,2,1.0,0.5,1917695,0.7743991811011299,0.7743991811011299,0.7743991811011299,0.7743991811011299,1.4210850021878538,0.8721113517550935,0.00790062901575613,0.0076696873524529025,0.008131570679059357,0.5996940916851069,0.5996940916851069,0.6899189444342558,/work/tesi_ddellacasaventurelli01/incremental-ad/runs/segsweep_swat_merge_n2/80689
segsweep_swat_merge_n2,80690,Swat,ad,2,1.0,0.5,1917695,0.7890440247158688,0.7890440247158688,0.7890440247158688,0.7890440247158688,1.3869610320025387,0.7608408930213595,0.0069311447062632755,0.006246496217659108,0.0076157931948674425,0.6225904729362401,0.6225904729362401,0.6971003669976897,/work/tesi_ddellacasaventurelli01/incremental-ad/runs/segsweep_swat_merge_n2/80690
segsweep_swat_merge_n5,79925,Swat,ad,5,1.0,0.5,1917695,0.7123991385114391,0.609531534750473,0.8481635778865345,0.7569086203654687,2.203127479408246,0.5695810829217555,0.005156800790544372,0.00414078666576735,0.00581155181845003,0.6103638354435751,0.6604834956502407,0.775230239431708,/work/tesi_ddellacasaventurelli01/incremental-ad/runs/segsweep_swat_merge_n5/79925
segsweep_swat_merge_n5,80691,Swat,ad,5,1.0,0.5,1917695,0.7106995566171833,0.5969505250574425,0.8554637556149886,0.7657394764528707,2.1571725329355487,0.5574883460591068,0.005051778202501597,0.0038161495722151555,0.005892533821852303,0.6159722245096875,0.6580121745908319,0.716533675943134,/work/tesi_ddellacasaventurelli01/incremental-ad/runs/segsweep_swat_merge_n5/80691
segsweep_swat_merge_n5,80692,Swat,ad,5,1.0,0.5,1917695,0.7081141091571327,0.6158320259331318,0.8493808482240831,0.748043798493657,2.204525076677801,0.5644547761044351,0.005142126133620375,0.0038026728248931824,0.0058655148424242845,0.6042730481901273,0.6743071454931401,0.7765453771837558,/work/tesi_ddellacasaventurelli01/incremental-ad/runs/segsweep_swat_merge_n5/80692
slurm_grid_etth_forecast_train_incremental,59065,EtthForecastDataset,forecast,3,0.3,0.5,714780,0.08491432203592282,0.042596662074918926,0.15484527457457764,0.09872096832474828,1.9819728544342285,1.8948188721813353,0.01961945000599605,0.0012452731244788592,0.03007282873134556,0.012896452437565868,0.023978429255207545,1.0542291144069478,/work/tesi_ddellacasaventurelli01/incremental-ad/runs/slurm_grid_etth_forecast_train_incremental/59065
slurm_grid_etth_forecast_train_incremental,59066,EtthForecastDataset,forecast,3,0.3,0.5,714780,0.09688400548526029,0.04111983674781323,0.1701963666389869,0.12476608985398382,1.9467480131857675,1.4280792544173897,0.014759095730678864,0.0012276081114373563,0.0238870381884101,0.01763202236440215,0.02896987349349296,1.0409567762088292,/work/tesi_ddellacasaventurelli01/incremental-ad/runs/slurm_grid_etth_forecast_train_incremental/59066
slurm_grid_etth_forecast_train_incremental,59067,EtthForecastDataset,forecast,3,0.3,0.5,714780,0.11557043296142795,0.05250181387940531,0.21591201282229197,0.14710474250243927,1.9480393731787768,0.9331736861482502,0.009644282503656532,0.0012265555742829641,0.015455602628471211,0.026378053842574977,0.04662561353497088,1.024291460563514,/work/tesi_ddellacasaventurelli01/incremental-ad/runs/slurm_grid_etth_forecast_train_incremental/59067
slurm_grid_etth_forecast_train_incremental,59068,EtthForecastDataset,forecast,3,0.5,0.5,714780,0.09478656139712481,0.042194722279594934,0.16264840941773204,0.12108248095588975,1.8757847037151256,1.5893587915620506,0.01642590807372962,0.0012277248089409307,0.02830146183493062,0.016390160630300285,0.026457439140066537,1.0433255242219386,/work/tesi_ddellacasaventurelli01/incremental-ad/runs/slurm_grid_etth_forecast_train_incremental/59068
slurm_grid_etth_forecast_train_incremental,59069,EtthForecastDataset,forecast,3,0.5,0.5,714780,0.09688400548526029,0.04111983674781323,0.1701963666389869,0.12476608985398382,1.9467480131857675,1.4280792544173897,0.014759095730678864,0.0012276081114373563,0.0238870381884101,0.01763202236440215,0.02896987349349296,1.0409567762088292,/work/tesi_ddellacasaventurelli01/incremental-ad/runs/slurm_grid_etth_forecast_train_incremental/59069
slurm_grid_etth_forecast_train_incremental,59070,EtthForecastDataset,forecast,3,0.5,0.5,714780,0.11557043296142795,0.05250181387940531,0.21591201282229197,0.14710474250243927,1.9480393731787768,0.9331736861482502,0.009644282503656532,0.0012265555742829641,0.015455602628471211,0.026378053842574977,0.04662561353497088,1.024291460563514,/work/tesi_ddellacasaventurelli01/incremental-ad/runs/slurm_grid_etth_forecast_train_incremental/59070
slurm_grid_etth_forecast_train_incremental,59071,EtthForecastDataset,forecast,3,1.0,0.5,714780,0.09478656139712481,0.042194722279594934,0.16264840941773204,0.12108248095588975,1.8757847037151256,1.5893587915620506,0.01642590807372962,0.0012277248089409307,0.02830146183493062,0.016390160630300285,0.026457439140066537,1.0433255242219386,/work/tesi_ddellacasaventurelli01/incremental-ad/runs/slurm_grid_etth_forecast_train_incremental/59071
slurm_grid_etth_forecast_train_incremental,59072,EtthForecastDataset,forecast,3,1.0,0.5,714780,0.09343618808765934,0.054916920363176455,0.16241767580128577,0.11269582194990077,1.9464605106340458,1.4762207021751426,0.0152851751105896,0.0012451309057346452,0.0248073482433949,0.015174424397037686,0.026383128136005414,1.0431426879343753,/work/tesi_ddellacasaventurelli01/incremental-ad/runs/slurm_grid_etth_forecast_train_incremental/59072
slurm_grid_etth_forecast_train_incremental,59073,EtthForecastDataset,forecast,3,1.0,0.5,714780,0.11557043296142795,0.05250181387940531,0.21591201282229197,0.14710474250243927,1.9480393731787768,0.9331736861482502,0.009644282503656532,0.0012265555742829641,0.015455602628471211,0.026378053842574977,0.04662561353497088,1.024291460563514,/work/tesi_ddellacasaventurelli01/incremental-ad/runs/slurm_grid_etth_forecast_train_incremental/59073
slurm_grid_etth_forecast_train_incremental,59074,EtthForecastDataset,forecast,3,1.0,0.3,714780,0.29970210956884596,0.2661859498338454,0.3209067661442272,0.2890997812811554,2.16818526313296,3.3578995254796857,0.03504503465909683,0.013545735931744669,0.04631000843427434,0.11544160236880173,0.13353071020972082,0.91771792122192,/work/tesi_ddellacasaventurelli01/incremental-ad/runs/slurm_grid_etth_forecast_train_incremental/59074
slurm_grid_etth_forecast_train_incremental,59075,EtthForecastDataset,forecast,3,1.0,0.7,714780,0.13000213962697585,0.0659256186984879,0.21742861850991915,0.1416771186042035,1.4496504071409484,0.7645303897158623,0.008000253281380517,0.0027080224965982218,0.016489819407601754,0.02584730012733172,0.04734841305388846,0.9382447155869982,/work/tesi_ddellacasaventurelli01/incremental-ad/runs/slurm_grid_etth_forecast_train_incremental/59075
slurm_grid_etth_forecast_train_incremental,59077,EtthForecastDataset,forecast,3,1.0,0.5,714780,0.23970094568930433,0.2131126049538278,0.25891976025150026,0.2529951160570426,2.353655993513337,1.7709849646724314,0.01846967307095745,0.013386373901269809,0.02685749131743545,0.07596233284704121,0.0848852234454457,0.9104504415280249,/work/tesi_ddellacasaventurelli01/incremental-ad/runs/slurm_grid_etth_forecast_train_incremental/59077
slurm_grid_etth_forecast_train_incremental,59078,EtthForecastDataset,forecast,2,1.0,0.5,714780,0.2662319917420157,0.2662319917420157,0.2662319917420157,0.2662319917420157,1.5416660684006314,1.8068853015385675,0.018583094898269727,0.011603579545448653,0.025562610251090804,0.070879473426859,0.070879473426859,0.9262037503525341,/work/tesi_ddellacasaventurelli01/incremental-ad/runs/slurm_grid_etth_forecast_train_incremental/59078
slurm_grid_etth_forecast_train_incremental,59079,EtthForecastDataset,forecast,5,1.0,0.5,714780,0.17836980398054111,-0.005556548312685311,0.2835117012994999,0.2052611687797864,2.23644840480742,1.0630588637038483,0.011010431648189729,0.004684548251362472,0.026643318120835927,0.036800689354441134,0.08577506843042036,0.9909553196363039,/work/tesi_ddellacasaventurelli01/incremental-ad/runs/slurm_grid_etth_forecast_train_incremental/59079
slurm_grid_etth_forecast_train_incremental,59110,EtthForecastDataset,forecast,2,1.0,0.5,714780,0.31673661660163893,0.31673661660163893,0.31673661660163893,0.31673661660163893,1.8025827464956192,1.4248528758210388,0.014887275927631827,0.012329500743373908,0.017445051111889747,0.10032208429612816,0.10032208429612816,0.9020956907131196,/work/tesi_ddellacasaventurelli01/incremental-ad/runs/slurm_grid_etth_forecast_train_incremental/59110
slurm_grid_psm_train_incremental,58957,Psm,ad,3,0.3,0.5,2054001,0.25964931498823846,0.23445986592583656,0.2878622214397681,0.27224403951943943,2.0950548322036577,0.4716210277178769,0.006206629394974968,0.001882043329300053,0.008714103171958639,0.07493328182268766,0.08400973285703763,0.885879052733213,/work/tesi_ddellacasaventurelli01/incremental-ad/runs/slurm_grid_psm_train_incremental/58957
slurm_grid_psm_train_incremental,58958,Psm,ad,3,0.3,0.5,2054001,0.2594744138604053,0.23406273998201174,0.28817552743227054,0.27218025079960206,2.097045806363801,0.46779754874503626,0.006156311627977317,0.0018807272111006715,0.00864183699604149,0.07491793930914839,0.08420513762952245,0.885740622011923,/work/tesi_ddellacasaventurelli01/incremental-ad/runs/slurm_grid_psm_train_incremental/58958
slurm_grid_psm_train_incremental,58959,Psm,ad,3,0.3,0.5,2054001,0.2575390213009819,0.22971778446847155,0.2902800673168801,0.2714496397172371,2.113284657055252,0.44014038523494725,0.005792337687175777,0.001869125731978887,0.008106704616680898,0.07467314850845513,0.0855298306861583,0.8837957121110138,/work/tesi_ddellacasaventurelli01/incremental-ad/runs/slurm_grid_psm_train_incremental/58959
slurm_grid_psm_train_incremental,58960,Psm,ad,3,0.5,0.5,2054001,0.25964931498823846,0.23445986592583656,0.2878622214397681,0.27224403951943943,2.0950548322036577,0.4716210277178769,0.006206629394974968,0.001882043329300053,0.008714103171958639,0.07493328182268766,0.08400973285703763,0.885879052733213,/work/tesi_ddellacasaventurelli01/incremental-ad/runs/slurm_grid_psm_train_incremental/58960
slurm_grid_psm_train_incremental,58961,Psm,ad,3,0.5,0.5,2054001,0.2594744138604053,0.23406273998201174,0.28817552743227054,0.27218025079960206,2.097045806363801,0.46779754874503626,0.006156311627977317,0.0018807272111006715,0.00864183699604149,0.07491793930914839,0.08420513762952245,0.885740622011923,/work/tesi_ddellacasaventurelli01/incremental-ad/runs/slurm_grid_psm_train_incremental/58961
slurm_grid_psm_train_incremental,58962,Psm,ad,3,0.5,0.5,2054001,0.2575390213009819,0.22971778446847155,0.2902800673168801,0.2714496397172371,2.113284657055252,0.44014038523494725,0.005792337687175777,0.001869125731978887,0.008106704616680898,0.07467314850845513,0.0855298306861583,0.8837957121110138,/work/tesi_ddellacasaventurelli01/incremental-ad/runs/slurm_grid_psm_train_incremental/58962
slurm_grid_psm_train_incremental,58963,Psm,ad,3,1.0,0.5,2054001,0.25964931498823846,0.23445986592583656,0.2878622214397681,0.27224403951943943,2.0950548322036577,0.4716210277178769,0.006206629394974968,0.001882043329300053,0.008714103171958639,0.07493328182268766,0.08400973285703763,0.885879052733213,/work/tesi_ddellacasaventurelli01/incremental-ad/runs/slurm_grid_psm_train_incremental/58963
slurm_grid_psm_train_incremental,58964,Psm,ad,3,1.0,0.5,2054001,0.2594744138604053,0.23406273998201174,0.28817552743227054,0.27218025079960206,2.097045806363801,0.46779754874503626,0.006156311627977317,0.0018807272111006715,0.00864183699604149,0.07491793930914839,0.08420513762952245,0.885740622011923,/work/tesi_ddellacasaventurelli01/incremental-ad/runs/slurm_grid_psm_train_incremental/58964
slurm_grid_psm_train_incremental,58965,Psm,ad,3,1.0,0.5,2054001,0.2575390213009819,0.22971778446847155,0.2902800673168801,0.2714496397172371,2.113284657055252,0.44014038523494725,0.005792337687175777,0.001869125731978887,0.008106704616680898,0.07467314850845513,0.0855298306861583,0.8837957121110138,/work/tesi_ddellacasaventurelli01/incremental-ad/runs/slurm_grid_psm_train_incremental/58965
slurm_grid_psm_train_incremental,58966,Psm,ad,3,1.0,0.3,2054001,0.32726897977637465,0.18875440468258572,0.3993224650531225,0.3965262673232691,2.565865893230548,0.728843958918678,0.009588069299541733,0.007538363392944557,0.010679270157269124,0.15782913273104504,0.16063489776084142,0.8807463055816863,/work/tesi_ddellacasaventurelli01/incremental-ad/runs/slurm_grid_psm_train_incremental/58966
slurm_grid_psm_train_incremental,58967,Psm,ad,3,1.0,0.7,2054001,0.2471163462657727,0.12890490737788687,0.3777054182034323,0.1818218102969429,2.7858111975670465,0.45337844118066756,0.00596961912595502,0.005527900328192468,0.006298611225473142,0.09973878623620222,0.144375308990388,0.8864159673334417,/work/tesi_ddellacasaventurelli01/incremental-ad/runs/slurm_grid_psm_train_incremental/58967
slurm_grid_psm_train_incremental,58968,Psm,ad,3,1.0,0.5,2054001,0.3101591588206271,0.21858135397717354,0.38576132526677304,0.3559480612423539,2.339783727124334,0.549004908330477,0.0072238991063527935,0.0041049540127417955,0.009102694521815271,0.1324032855078815,0.1584426650596317,0.8309773511604475,/work/tesi_ddellacasaventurelli01/incremental-ad/runs/slurm_grid_psm_train_incremental/58968
slurm_grid_psm_train_incremental,58969,Psm,ad,3,1.0,0.5,2054001,0.25174380335425844,0.16476154664585663,0.3556504225330875,0.29523493170845927,2.786583250184975,0.5680967936042337,0.00747694796317,0.0068079168297503516,0.007994231059400569,0.09459224643497906,0.06269726982258955,0.8794073444276298,/work/tesi_ddellacasaventurelli01/incremental-ad/runs/slurm_grid_psm_train_incremental/58969
slurm_grid_psm_train_incremental,58970,Psm,ad,2,1.0,0.5,2054001,0.2530595503080688,0.2530595503080688,0.2530595503080688,0.2530595503080688,1.933030448170976,0.7295070256269074,0.009600885904999709,0.009315573297536855,0.009886198512462563,0.06403913600185944,0.06403913600185944,0.9350872002700531,/work/tesi_ddellacasaventurelli01/incremental-ad/runs/slurm_grid_psm_train_incremental/58970
slurm_grid_psm_train_incremental,58971,Psm,ad,5,1.0,0.5,2054001,0.24741346793146773,0.07608930216652893,0.37321844135719134,0.2900343613386188,3.8864071665692177,0.4069672208167404,0.005355990596125458,0.0022673008468033903,0.0065768312600838355,0.13387354364873205,0.13936209318990472,0.8742361323255543,/work/tesi_ddellacasaventurelli01/incremental-ad/runs/slurm_grid_psm_train_incremental/58971
slurm_grid_psm_train_incremental,59095,Psm,ad,3,0.3,0.5,649341,0.3986388143520873,0.26469831565637486,0.5502576055749643,0.46560906369994354,2.5060336940563,0.5117090520331867,0.005858567652325782,0.00522768140577631,0.006428478477849478,0.2261321909871668,0.14948094948158155,0.8391893916472415,/work/tesi_ddellacasaventurelli01/incremental-ad/runs/slurm_grid_psm_train_incremental/59095
slurm_grid_psm_train_incremental,59096,Psm,ad,3,0.3,0.5,649341,0.3990613354620738,0.26463220431487605,0.551265199478958,0.4662759010356726,2.5043032335274185,0.5079050108293189,0.005815015104923028,0.0051882155132629846,0.006387945687086736,0.22676534469894155,0.1496373692416463,0.8374748329894697,/work/tesi_ddellacasaventurelli01/incremental-ad/runs/slurm_grid_psm_train_incremental/59096
slurm_grid_psm_train_incremental,59097,Psm,ad,3,0.3,0.5,649341,0.4051357552988329,0.2693445459103301,0.5576253595737618,0.4730313599930843,2.481306134762708,0.4732732041783198,0.00541851482535794,0.004895272221499427,0.006074338006514439,0.2329333196848854,0.15492059773038735,0.8217674175397153,/work/tesi_ddellacasaventurelli01/incremental-ad/runs/slurm_grid_psm_train_incremental/59097
slurm_grid_psm_train_incremental,59098,Psm,ad,3,0.5,0.5,649341,0.3998167249580821,0.2570551303539135,0.5493957209973009,0.4711975222601664,2.4626555439836104,0.4385496068345532,0.005020437363376055,0.003798104301582761,0.005728326983838652,0.22935434596793766,0.1568730336859538,0.87454917356044,/work/tesi_ddellacasaventurelli01/incremental-ad/runs/slurm_grid_psm_train_incremental/59098
slurm_grid_psm_train_incremental,59099,Psm,ad,3,0.5,0.5,649341,0.3990613354620738,0.26463220431487605,0.551265199478958,0.4662759010356726,2.5043032335274185,0.5079050108293189,0.005815015104923028,0.0051882155132629846,0.006387945687086736,0.22676534469894155,0.1496373692416463,0.8374748329894697,/work/tesi_ddellacasaventurelli01/incremental-ad/runs/slurm_grid_psm_train_incremental/59099
slurm_grid_psm_train_incremental,59100,Psm,ad,3,0.5,0.5,649341,0.4051357552988329,0.2693445459103301,0.5576253595737618,0.4730313599930843,2.481306134762708,0.4732732041783198,0.00541851482535794,0.004895272221499427,0.006074338006514439,0.2329333196848854,0.15492059773038735,0.8217674175397153,/work/tesi_ddellacasaventurelli01/incremental-ad/runs/slurm_grid_psm_train_incremental/59100
slurm_grid_psm_train_incremental,59101,Psm,ad,3,1.0,0.5,649341,0.3986388143520873,0.26469831565637486,0.5502576055749643,0.46560906369994354,2.5060336940563,0.5117090520331867,0.005858567652325782,0.00522768140577631,0.006428478477849478,0.2261321909871668,0.14948094948158155,0.8391893916472415,/work/tesi_ddellacasaventurelli01/incremental-ad/runs/slurm_grid_psm_train_incremental/59101
slurm_grid_psm_train_incremental,59102,Psm,ad,3,1.0,0.5,649341,0.40023947456115366,0.2572337986157464,0.5501758819521335,0.4717423125338573,2.464099626445875,0.4356326139794566,0.004987044151547334,0.0037895713866192868,0.005681972806235471,0.22988887924953624,0.1570842574174971,0.8730466640285245,/work/tesi_ddellacasaventurelli01/incremental-ad/runs/slurm_grid_psm_train_incremental/59102
slurm_grid_psm_train_incremental,59103,Psm,ad,3,1.0,0.5,649341,0.4051357552988329,0.2693445459103301,0.5576253595737618,0.4730313599930843,2.481306134762708,0.4732732041783198,0.00541851482535794,0.004895272221499427,0.006074338006514439,0.2329333196848854,0.15492059773038735,0.8217674175397153,/work/tesi_ddellacasaventurelli01/incremental-ad/runs/slurm_grid_psm_train_incremental/59103
slurm_grid_psm_train_incremental,59104,Psm,ad,3,1.0,0.3,649341,0.3675320999843039,0.253710360279155,0.4717104706669784,0.42444296983687835,2.364764872705583,0.641140783112152,0.007336890243186488,0.004892977965584286,0.008835270079113368,0.1857347051349893,0.22920807584966899,0.8995957313127715,/work/tesi_ddellacasaventurelli01/incremental-ad/runs/slurm_grid_psm_train_incremental/59104
slurm_grid_psm_train_incremental,59105,Psm,ad,3,1.0,0.7,649341,0.2728994415754689,0.2027637382936617,0.3581807295090217,0.23025879760869256,2.68420473335336,0.35370518024533104,0.004054300229871687,0.0035660137094038497,0.004895488929017716,0.10389789017324598,0.14135872958749482,0.943364739506011,/work/tesi_ddellacasaventurelli01/incremental-ad/runs/slurm_grid_psm_train_incremental/59105
slurm_grid_psm_train_incremental,59106,Psm,ad,3,1.0,0.5,649341,0.40232415279950057,0.2566998079200247,0.5211439143693937,0.47513632523923854,2.438511384580925,0.4839060877222605,0.00554047167189205,0.004401265657748563,0.0063834502260289175,0.22862155592164396,0.1856521323593022,0.8328083507615577,/work/tesi_ddellacasaventurelli01/incremental-ad/runs/slurm_grid_psm_train_incremental/59106
slurm_grid_psm_train_incremental,59107,Psm,ad,3,1.0,0.5,649341,0.38244254808210015,0.22934371669413858,0.5707385814855656,0.458991963776081,2.548816516369001,0.5013721745125044,0.005740033583467612,0.005666055074305873,0.005808678025667422,0.22388082025569372,0.1220191121156021,0.8583958091605258,/work/tesi_ddellacasaventurelli01/incremental-ad/runs/slurm_grid_psm_train_incremental/59107
slurm_grid_psm_train_incremental,59108,Psm,ad,2,1.0,0.5,649341,0.3794063288024413,0.3794063288024413,0.3794063288024413,0.3794063288024413,1.8561070438330949,0.6900237604158099,0.007898912920868155,0.007726642204238786,0.008071183637497524,0.14394916233524577,0.14394916233524577,0.881814090351425,/work/tesi_ddellacasaventurelli01/incremental-ad/runs/slurm_grid_psm_train_incremental/59108
slurm_grid_psm_train_incremental,59109,Psm,ad,5,1.0,0.5,649341,0.3161376032033639,0.06997895252497693,0.5215694661987925,0.4040089395776086,3.3494550908427625,0.329033122948323,0.0037664622902137783,0.0008518713015605911,0.0049421262773897846,0.20058922848108762,0.14395397043739988,0.9299602527320718,/work/tesi_ddellacasaventurelli01/incremental-ad/runs/slurm_grid_psm_train_incremental/59109
slurm_grid_swat_train_incremental,58935,Swat,ad,3,0.3,0.5,1917695,0.7366582390209043,0.6672535923133832,0.8516889852944568,0.771360562374665,1.6328442750526582,0.6743001928419957,0.006104748384273947,0.0044063779197465215,0.007398519948704253,0.607378412553771,0.7372314073499447,0.7670042912742815,/work/tesi_ddellacasaventurelli01/incremental-ad/runs/slurm_grid_swat_train_incremental/58935
slurm_grid_swat_train_incremental,58936,Swat,ad,3,0.3,0.5,1917695,0.7395513923409132,0.6691722585710375,0.8549375907848797,0.774740959225851,1.6304909770505394,0.6352584558270317,0.005751285663231544,0.004196183914101844,0.0069188516044150225,0.6121439305918399,0.7418960380915538,0.7628101512803188,/work/tesi_ddellacasaventurelli01/incremental-ad/runs/slurm_grid_swat_train_incremental/58936
slurm_grid_swat_train_incremental,58937,Swat,ad,3,0.3,0.5,1917695,0.7638316529371655,0.6903397957076135,0.8748632609997065,0.8005775815519414,1.5891283074317817,0.485979984916316,0.004399799316685862,0.0033351876334275113,0.005200153372940235,0.649636170429968,0.7717724137999786,0.734744518637275,/work/tesi_ddellacasaventurelli01/incremental-ad/runs/slurm_grid_swat_train_incremental/58937
slurm_grid_swat_train_incremental,58938,Swat,ad,3,0.5,0.5,1917695,0.7366582390209043,0.6672535923133832,0.8516889852944568,0.771360562374665,1.6328442750526582,0.6743001928419957,0.006104748384273947,0.0044063779197465215,0.007398519948704253,0.607378412553771,0.7372314073499447,0.7670042912742815,/work/tesi_ddellacasaventurelli01/incremental-ad/runs/slurm_grid_swat_train_incremental/58938
slurm_grid_swat_train_incremental,58939,Swat,ad,3,0.5,0.5,1917695,0.7395513923409132,0.6691722585710375,0.8549375907848797,0.774740959225851,1.6304909770505394,0.6352584558270317,0.005751285663231544,0.004196183914101844,0.0069188516044150225,0.6121439305918399,0.7418960380915538,0.7628101512803188,/work/tesi_ddellacasaventurelli01/incremental-ad/runs/slurm_grid_swat_train_incremental/58939
slurm_grid_swat_train_incremental,58940,Swat,ad,3,0.5,0.5,1917695,0.7638316529371655,0.6903397957076135,0.8748632609997065,0.8005775815519414,1.5891283074317817,0.485979984916316,0.004399799316685862,0.0033351876334275113,0.005200153372940235,0.649636170429968,0.7717724137999786,0.734744518637275,/work/tesi_ddellacasaventurelli01/incremental-ad/runs/slurm_grid_swat_train_incremental/58940
slurm_grid_swat_train_incremental,58941,Swat,ad,3,1.0,0.5,1917695,0.7366582390209043,0.6672535923133832,0.8516889852944568,0.771360562374665,1.6328442750526582,0.6743001928419957,0.006104748384273947,0.0044063779197465215,0.007398519948704253,0.607378412553771,0.7372314073499447,0.7670042912742815,/work/tesi_ddellacasaventurelli01/incremental-ad/runs/slurm_grid_swat_train_incremental/58941
slurm_grid_swat_train_incremental,58942,Swat,ad,3,1.0,0.5,1917695,0.7395513923409132,0.6691722585710375,0.8549375907848797,0.774740959225851,1.6304909770505394,0.6352584558270317,0.005751285663231544,0.004196183914101844,0.0069188516044150225,0.6121439305918399,0.7418960380915538,0.7628101512803188,/work/tesi_ddellacasaventurelli01/incremental-ad/runs/slurm_grid_swat_train_incremental/58942
slurm_grid_swat_train_incremental,58943,Swat,ad,3,1.0,0.5,1917695,0.7638316529371655,0.6903397957076135,0.8748632609997065,0.8005775815519414,1.5891283074317817,0.485979984916316,0.004399799316685862,0.0033351876334275113,0.005200153372940235,0.649636170429968,0.7717724137999786,0.734744518637275,/work/tesi_ddellacasaventurelli01/incremental-ad/runs/slurm_grid_swat_train_incremental/58943
slurm_grid_swat_train_incremental,58944,Swat,ad,2,1.0,0.3,1917695,0.8602169825369979,0.8602169825369979,0.8602169825369979,0.8602169825369979,1.280610414366606,1.8895524754135256,0.01712179290773565,0.01561126619357635,0.01863231962189495,0.7399732570428819,0.7399732570428819,0.5816243073272994,/work/tesi_ddellacasaventurelli01/incremental-ad/runs/slurm_grid_swat_train_incremental/58944
slurm_grid_swat_train_incremental,58945,Swat,ad,3,1.0,0.7,1917695,0.6647521499135087,0.5925405661235442,0.7307240621660614,0.7008579418084908,1.890690116968749,0.40769373335386144,0.0036941027175841357,0.0030583882378415403,0.004775653882353148,0.5033064639308158,0.47265527283404807,0.8030959757085991,/work/tesi_ddellacasaventurelli01/incremental-ad/runs/slurm_grid_swat_train_incremental/58945
slurm_grid_swat_train_incremental,58946,Swat,ad,1,1.0,0.5,1917695,nan,nan,nan,nan,1.0,0.5509551056358506,0.0049872879764353666,0.0049872879764353666,0.0049872879764353666,nan,nan,nan,/work/tesi_ddellacasaventurelli01/incremental-ad/runs/slurm_grid_swat_train_incremental/58946
slurm_grid_swat_train_incremental,58949,Swat,ad,5,1.0,0.5,1917695,0.6796986704551966,0.551107498413007,0.8405505694777937,0.7355273779415124,2.2326272635741486,0.5163677976731351,0.004674342780939918,0.003147858617378638,0.005621596848944462,0.5768832770300781,0.6498831396783604,0.819794730732057,/work/tesi_ddellacasaventurelli01/incremental-ad/runs/slurm_grid_swat_train_incremental/58949
slurm_grid_swat_train_incremental,59055,Swat,ad,3,1.0,0.3,1917695,0.8290909709473305,0.7535344655986851,0.868802279519083,0.8668692236216533,1.5100447563833652,1.8592729352311101,0.016834992029519946,0.015499201646038858,0.017889161749796458,0.7339960235950607,0.7198774729551999,0.5628466893329851,/work/tesi_ddellacasaventurelli01/incremental-ad/runs/slurm_grid_swat_train_incremental/59055
slurm_grid_swat_train_incremental,59056,Swat,ad,3,1.0,0.5,1917695,0.6903769367538876,0.6271628085647623,0.8099843870558565,0.7219840008484504,1.7585282313957495,0.643687548957936,0.005826709183126906,0.004764355235460792,0.00772848433748456,0.5398026324144682,0.6776700411972957,0.7794774693927743,/work/tesi_ddellacasaventurelli01/incremental-ad/runs/slurm_grid_swat_train_incremental/59056
slurm_grid_swat_train_incremental,59080,Swat,ad,3,1.0,0.5,1917695,0.7806214428619741,0.7219852663963559,0.8758768860935024,0.8099395310947832,1.605716914118911,0.7803718819996125,0.007067050605471199,0.006252826002641099,0.00847977052668918,0.6658893961251902,0.7782395542163513,0.6942634493460887,/work/tesi_ddellacasaventurelli01/incremental-ad/runs/slurm_grid_swat_train_incremental/59080
slurm_grid_swat_train_incremental,59081,Swat,ad,2,1.0,0.5,1917695,0.7597807850327127,0.7597807850327127,0.7597807850327127,0.7597807850327127,1.4382663363743695,0.7765183887462661,0.007030382830836245,0.006622884982889848,0.007437880678782643,0.5772668413012051,0.5772668413012051,0.7251163155165835,/work/tesi_ddellacasaventurelli01/incremental-ad/runs/slurm_grid_swat_train_incremental/59081
window_etth1_W1,80446,EtthForecastDataset,forecast,1,1.0,0.9,714780,nan,nan,nan,nan,1.0,0.5873721606814709,0.006126135343134318,0.006126135343134318,0.006126135343134318,nan,nan,nan,/work/tesi_ddellacasaventurelli01/incremental-ad/runs/window_etth1_W1/80446
window_etth1_W1,80447,EtthForecastDataset,forecast,1,1.0,0.9,714780,nan,nan,nan,nan,1.0,0.5580162437515368,0.005870057456821248,0.005870057456821248,0.005870057456821248,nan,nan,nan,/work/tesi_ddellacasaventurelli01/incremental-ad/runs/window_etth1_W1/80447
window_etth1_W1,80448,EtthForecastDataset,forecast,1,1.0,0.9,714780,nan,nan,nan,nan,1.0,0.7141652665205822,0.007562704870647011,0.007562704870647011,0.007562704870647011,nan,nan,nan,/work/tesi_ddellacasaventurelli01/incremental-ad/runs/window_etth1_W1/80448
window_etth1_W2,80449,EtthForecastDataset,forecast,1,1.0,0.8,714780,nan,nan,nan,nan,1.0,1.2388334031426884,0.012921206219825329,0.012921206219825329,0.012921206219825329,nan,nan,nan,/work/tesi_ddellacasaventurelli01/incremental-ad/runs/window_etth1_W2/80449
window_etth1_W2,80450,EtthForecastDataset,forecast,1,1.0,0.8,714780,nan,nan,nan,nan,1.0,0.9594700059448542,0.010093154323121632,0.010093154323121632,0.010093154323121632,nan,nan,nan,/work/tesi_ddellacasaventurelli01/incremental-ad/runs/window_etth1_W2/80450
window_etth1_W2,80451,EtthForecastDataset,forecast,1,1.0,0.8,714780,nan,nan,nan,nan,1.0,1.1663156573762536,0.012350784217951122,0.012350784217951122,0.012350784217951122,nan,nan,nan,/work/tesi_ddellacasaventurelli01/incremental-ad/runs/window_etth1_W2/80451
window_etth1_W3,80452,EtthForecastDataset,forecast,1,1.0,0.7,714780,nan,nan,nan,nan,1.0,1.6471546694934844,0.017135643201827366,0.017135643201827366,0.017135643201827366,nan,nan,nan,/work/tesi_ddellacasaventurelli01/incremental-ad/runs/window_etth1_W3/80452
window_etth1_W3,80453,EtthForecastDataset,forecast,1,1.0,0.7,714780,nan,nan,nan,nan,1.0,2.284986136286183,0.024038088122275002,0.024038088122275002,0.024038088122275002,nan,nan,nan,/work/tesi_ddellacasaventurelli01/incremental-ad/runs/window_etth1_W3/80453
window_etth1_W3,80454,EtthForecastDataset,forecast,1,1.0,0.7,714780,nan,nan,nan,nan,1.0,2.2407242229961812,0.02366047709623898,0.02366047709623898,0.02366047709623898,nan,nan,nan,/work/tesi_ddellacasaventurelli01/incremental-ad/runs/window_etth1_W3/80454
window_exchange_W1,80455,ExchangeRateForecastDataset,forecast,1,0.5,0.9,712096,nan,nan,nan,nan,1.0,1.8639663258681303,0.02499290549167134,0.02499290549167134,0.02499290549167134,nan,nan,nan,/work/tesi_ddellacasaventurelli01/incremental-ad/runs/window_exchange_W1/80455
window_exchange_W1,80456,ExchangeRateForecastDataset,forecast,1,0.5,0.9,712096,nan,nan,nan,nan,1.0,1.8530785636432536,0.024821247544716048,0.024821247544716048,0.024821247544716048,nan,nan,nan,/work/tesi_ddellacasaventurelli01/incremental-ad/runs/window_exchange_W1/80456
window_exchange_W1,80457,ExchangeRateForecastDataset,forecast,1,0.5,0.9,712096,nan,nan,nan,nan,1.0,1.8103347054288887,0.024286455654108256,0.024286455654108256,0.024286455654108256,nan,nan,nan,/work/tesi_ddellacasaventurelli01/incremental-ad/runs/window_exchange_W1/80457
window_exchange_W2,80458,ExchangeRateForecastDataset,forecast,1,0.5,0.8,712096,nan,nan,nan,nan,1.0,2.5111282793101375,0.033670346342244833,0.033670346342244833,0.033670346342244833,nan,nan,nan,/work/tesi_ddellacasaventurelli01/incremental-ad/runs/window_exchange_W2/80458
window_exchange_W2,80459,ExchangeRateForecastDataset,forecast,1,0.5,0.8,712096,nan,nan,nan,nan,1.0,2.3875641484335026,0.03198046856720644,0.03198046856720644,0.03198046856720644,nan,nan,nan,/work/tesi_ddellacasaventurelli01/incremental-ad/runs/window_exchange_W2/80459
window_exchange_W2,80460,ExchangeRateForecastDataset,forecast,1,0.5,0.8,712096,nan,nan,nan,nan,1.0,2.431642088628328,0.03260152122206871,0.03260152122206871,0.03260152122206871,nan,nan,nan,/work/tesi_ddellacasaventurelli01/incremental-ad/runs/window_exchange_W2/80460
window_exchange_W3,80461,ExchangeRateForecastDataset,forecast,1,0.5,0.7,712096,nan,nan,nan,nan,1.0,2.7113098716845045,0.03635685447952246,0.03635685447952246,0.03635685447952246,nan,nan,nan,/work/tesi_ddellacasaventurelli01/incremental-ad/runs/window_exchange_W3/80461
window_exchange_W3,80462,ExchangeRateForecastDataset,forecast,1,0.5,0.7,712096,nan,nan,nan,nan,1.0,2.728138440428073,0.036582845613998695,0.036582845613998695,0.036582845613998695,nan,nan,nan,/work/tesi_ddellacasaventurelli01/incremental-ad/runs/window_exchange_W3/80462
window_exchange_W3,80463,ExchangeRateForecastDataset,forecast,1,0.5,0.7,712096,nan,nan,nan,nan,1.0,2.7538892701314657,0.036921954881140875,0.036921954881140875,0.036921954881140875,nan,nan,nan,/work/tesi_ddellacasaventurelli01/incremental-ad/runs/window_exchange_W3/80463
window_psm_W1,80464,Psm,ad,1,1.0,0.9,649341,nan,nan,nan,nan,1.0,0.2705874936054347,0.003097652981210411,0.003097652981210411,0.003097652981210411,nan,nan,nan,/work/tesi_ddellacasaventurelli01/incremental-ad/runs/window_psm_W1/80464
window_psm_W1,80697,Psm,ad,1,1.0,0.9,649341,nan,nan,nan,nan,1.0,0.2814908887343882,0.003232129503175479,0.003232129503175479,0.003232129503175479,nan,nan,nan,/work/tesi_ddellacasaventurelli01/incremental-ad/runs/window_psm_W1/80697
window_psm_W1,80698,Psm,ad,1,1.0,0.9,649341,nan,nan,nan,nan,1.0,0.29592732894849844,0.003415146502460566,0.003415146502460566,0.003415146502460566,nan,nan,nan,/work/tesi_ddellacasaventurelli01/incremental-ad/runs/window_psm_W1/80698
window_psm_W2,80465,Psm,ad,1,1.0,0.8,649341,nan,nan,nan,nan,1.0,0.4968147610770035,0.005687270159028875,0.005687270159028875,0.005687270159028875,nan,nan,nan,/work/tesi_ddellacasaventurelli01/incremental-ad/runs/window_psm_W2/80465
window_psm_W2,80699,Psm,ad,1,1.0,0.8,649341,nan,nan,nan,nan,1.0,0.5690067124626649,0.006534110211456247,0.006534110211456247,0.006534110211456247,nan,nan,nan,/work/tesi_ddellacasaventurelli01/incremental-ad/runs/window_psm_W2/80699
window_psm_W2,80700,Psm,ad,1,1.0,0.8,649341,nan,nan,nan,nan,1.0,0.5988192921584121,0.006910082201672937,0.006910082201672937,0.006910082201672937,nan,nan,nan,/work/tesi_ddellacasaventurelli01/incremental-ad/runs/window_psm_W2/80700
window_psm_W3,80466,Psm,ad,1,1.0,0.7,649341,nan,nan,nan,nan,1.0,0.4628396258425017,0.005298340948573705,0.005298340948573705,0.005298340948573705,nan,nan,nan,/work/tesi_ddellacasaventurelli01/incremental-ad/runs/window_psm_W3/80466
window_psm_W3,80701,Psm,ad,1,1.0,0.7,649341,nan,nan,nan,nan,1.0,0.5719102407070606,0.006567452478138563,0.006567452478138563,0.006567452478138563,nan,nan,nan,/work/tesi_ddellacasaventurelli01/incremental-ad/runs/window_psm_W3/80701
window_psm_W3,80702,Psm,ad,1,1.0,0.7,649341,nan,nan,nan,nan,1.0,0.7626728913182172,0.008801357001258775,0.008801357001258775,0.008801357001258775,nan,nan,nan,/work/tesi_ddellacasaventurelli01/incremental-ad/runs/window_psm_W3/80702
window_swat_W1,80467,Swat,ad,1,1.0,0.9,1917695,nan,nan,nan,nan,1.0,0.6123115173287588,0.005543889659883346,0.005543889659883346,0.005543889659883346,nan,nan,nan,/work/tesi_ddellacasaventurelli01/incremental-ad/runs/window_swat_W1/80467
window_swat_W1,80703,Swat,ad,1,1.0,0.9,1917695,nan,nan,nan,nan,1.0,0.6395100434159791,0.005793935795078852,0.005793935795078852,0.005793935795078852,nan,nan,nan,/work/tesi_ddellacasaventurelli01/incremental-ad/runs/window_swat_W1/80703
window_swat_W1,80704,Swat,ad,1,1.0,0.9,1917695,nan,nan,nan,nan,1.0,0.6344222820207581,0.005779071768100641,0.005779071768100641,0.005779071768100641,nan,nan,nan,/work/tesi_ddellacasaventurelli01/incremental-ad/runs/window_swat_W1/80704
window_swat_W2,80468,Swat,ad,1,1.0,0.8,1917695,nan,nan,nan,nan,1.0,0.6465990521897419,0.005854087726985497,0.005854087726985497,0.005854087726985497,nan,nan,nan,/work/tesi_ddellacasaventurelli01/incremental-ad/runs/window_swat_W2/80468
window_swat_W2,80705,Swat,ad,1,1.0,0.8,1917695,nan,nan,nan,nan,1.0,0.952729981785633,0.008634831726888026,0.008634831726888026,0.008634831726888026,nan,nan,nan,/work/tesi_ddellacasaventurelli01/incremental-ad/runs/window_swat_W2/80705
window_swat_W2,80706,Swat,ad,1,1.0,0.8,1917695,nan,nan,nan,nan,1.0,0.8548333150681174,0.007787708359135407,0.007787708359135407,0.007787708359135407,nan,nan,nan,/work/tesi_ddellacasaventurelli01/incremental-ad/runs/window_swat_W2/80706
window_swat_W3,80469,Swat,ad,1,1.0,0.7,1917695,nan,nan,nan,nan,1.0,0.918247045867423,0.00831380797040484,0.00831380797040484,0.00831380797040484,nan,nan,nan,/work/tesi_ddellacasaventurelli01/incremental-ad/runs/window_swat_W3/80469
window_swat_W3,80707,Swat,ad,1,1.0,0.7,1917695,nan,nan,nan,nan,1.0,0.8220371623404904,0.007446546887271241,0.007446546887271241,0.007446546887271241,nan,nan,nan,/work/tesi_ddellacasaventurelli01/incremental-ad/runs/window_swat_W3/80707
window_swat_W3,80708,Swat,ad,1,1.0,0.7,1917695,nan,nan,nan,nan,1.0,0.8169178160845423,0.0074418092325026905,0.0074418092325026905,0.0074418092325026905,nan,nan,nan,/work/tesi_ddellacasaventurelli01/incremental-ad/runs/window_swat_W3/80708
